Datetime,Latitude,Longitude,Dynamic_Height,DH_error
2012-01-01 00:00:00,85.0,-179.25,0.3261874839182611,0.06794453525846592
2012-01-01 00:00:00,85.0,-178.5,0.31941933406578427,0.0564954671204276
2012-01-01 00:00:00,85.0,-177.75,0.32190554490996764,0.047886009399748124
2012-01-01 00:00:00,85.0,-177.0,0.3153970498917381,0.07089310623469007
2012-01-01 00:00:00,85.0,-176.25,0.31532028662559103,0.06776245621552945
2012-01-01 00:00:00,85.0,-175.5,0.31729390990452483,0.07719442373868318
2012-01-01 00:00:00,85.0,-174.75,0.33388677413942686,0.06387945232759835
2012-01-01 00:00:00,85.0,-174.0,0.3233427221237042,0.07802498267954117
2012-01-01 00:00:00,85.0,-173.25,0.3259419250805941,0.0839274074320455
2012-01-01 00:00:00,85.0,-172.5,0.3356769650223926,0.05462905348543129
2012-01-01 00:00:00,85.0,-171.75,0.3356429739576755,0.08268045994134084
2012-01-01 00:00:00,85.0,-171.0,0.33386099934411795,0.09403912975807763
2012-01-01 00:00:00,85.0,-170.25,0.3289796863532876,0.10142975821873154
2012-01-01 00:00:00,85.0,-169.5,0.32818021216612414,0.10345405915929437
2012-01-01 00:00:00,85.0,-168.75,0.3349919045021636,0.10232071262704423
2012-01-01 00:00:00,85.0,-168.0,0.3358052228251259,0.09564456018306985
2012-01-01 00:00:00,85.0,-167.25,0.3345196904944878,0.0996285478676035
2012-01-01 00:00:00,85.0,-166.5,0.33737765299025,0.08980663286551667
2012-01-01 00:00:00,85.0,-165.75,0.33816352899885704,0.08941373350658174
2012-01-01 00:00:00,85.0,-165.0,0.3389487256625746,0.09320448943673056
2012-01-01 00:00:00,85.0,-164.25,0.33936883577071575,0.0953093834061829
2012-01-01 00:00:00,85.0,-163.5,0.33917759798390545,0.09393704615082983
2012-01-01 00:00:00,85.0,-162.75,0.3402907454598776,0.10183760414922666
2012-01-01 00:00:00,85.0,-162.0,0.3411843565372875,0.09593367795835059
2012-01-01 00:00:00,85.0,-161.25,0.344997410976214,0.09140880151783275
2012-01-01 00:00:00,85.0,-160.5,0.3444091944647466,0.09826589576579664
2012-01-01 00:00:00,85.0,-159.75,0.35094064956460297,0.09206600404282039
2012-01-01 00:00:00,85.0,-159.0,0.3409325024183576,0.08851891614684904
2012-01-01 00:00:00,85.0,-158.25,0.3482489175926818,0.08512537764888817
2012-01-01 00:00:00,85.0,-157.5,0.34904874604259983,0.0769295442932893
2012-01-01 00:00:00,85.0,-156.75,0.3505683116118992,0.07225137412137947
2012-01-01 00:00:00,85.0,-156.0,0.3531284056885402,0.07778009150206817
2012-01-01 00:00:00,85.0,-155.25,0.3548586026693662,0.07800141937460259
2012-01-01 00:00:00,85.0,-154.5,0.3557829790120835,0.07798974448506381
2012-01-01 00:00:00,85.0,-153.75,0.3575966523425485,0.08197982403577575
2012-01-01 00:00:00,85.0,-153.0,0.3578872880525435,0.07255926799771119
2012-01-01 00:00:00,85.0,-152.25,0.3618048412372858,0.08521242385303558
2012-01-01 00:00:00,85.0,-151.5,0.3664047766772911,0.08315218349921993
2012-01-01 00:00:00,85.0,-150.75,0.36803727756248733,0.07769704505641624
2012-01-01 00:00:00,85.0,-150.0,0.3685907688172299,0.07399839744659997
2012-01-01 00:00:00,85.0,-149.25,0.3713192217317762,0.07180952098929796
2012-01-01 00:00:00,85.0,-148.5,0.3715729704897405,0.0731951677402869
2012-01-01 00:00:00,85.0,-147.75,0.3751086928182509,0.0624998753597247
2012-01-01 00:00:00,85.0,-147.0,0.37761807739867875,0.06600693652683225
2012-01-01 00:00:00,85.0,-146.25,0.37660082759671415,0.06798242070248428
2012-01-01 00:00:00,85.0,-145.5,0.37965294696419793,0.06903655899329328
2012-01-01 00:00:00,85.0,-144.75,0.3816875153907096,0.0596959038567965
2012-01-01 00:00:00,85.0,-144.0,0.38753606043090516,0.057540742597037266
2012-01-01 00:00:00,85.0,-143.25,0.4105089519684606,0.054172853816087406
2012-01-01 00:00:00,85.0,-142.5,0.415432100652099,0.06449666841096977
2012-01-01 00:00:00,85.0,-141.75,0.4189815374387884,0.05590693018566532
2012-01-01 00:00:00,85.0,-141.0,0.4200930881786652,0.06577435566464625
2012-01-01 00:00:00,85.0,-140.25,0.419795256867053,0.04611105369315796
2012-01-01 00:00:00,85.0,-139.5,0.419177329315945,0.06823247848071162
2012-01-01 00:00:00,85.0,-138.75,0.4006458742573157,0.06874535877401057
2012-01-01 00:00:00,85.0,-138.0,0.4179287778124066,0.06047284909564994
2012-01-01 00:00:00,85.0,-137.25,0.4175394204014412,0.06533701645544246
2012-01-01 00:00:00,85.0,-136.5,0.42152576121600405,0.05262268107932609
2012-01-01 00:00:00,85.0,-135.75,0.41512376702514625,0.07048822619789481
2012-01-01 00:00:00,85.0,-135.0,0.4110470968941888,0.07958620446029689
2012-01-01 00:00:00,85.0,-134.25,0.409176783021053,0.06124943079016978
2012-01-01 00:00:00,85.0,-133.5,0.4103472782380888,0.05008162225691719
2012-01-01 00:00:00,85.0,-132.75,0.4099957290559403,0.05944046050763712
2012-01-01 00:00:00,85.0,-132.0,0.4088871131945679,0.06348667236704923
2012-01-01 00:00:00,85.0,-131.25,0.4088700300390757,0.06279387301310357
2012-01-01 00:00:00,85.0,-130.5,0.40350534986854264,0.06570993536394498
2012-01-01 00:00:00,85.0,-129.75,0.4052182927978915,0.06808238831785522
2012-01-01 00:00:00,85.0,-129.0,0.40013275664795933,0.051861625641508834
2012-01-01 00:00:00,85.0,-128.25,0.4257513291660918,0.06841830068473839
2012-01-01 00:00:00,85.0,-127.5,0.4095459576743663,0.057387707741612594
2012-01-01 00:00:00,85.0,-126.75,0.4131079145232685,0.07216979110994146
2012-01-01 00:00:00,85.0,-126.0,0.40950516319051133,0.0505448785173235
2012-01-01 00:00:00,85.0,-125.25,0.40870151932861015,0.0446010337980117
2012-01-01 00:00:00,85.0,-124.5,0.3944069324613875,0.0670208933279882
2012-01-01 00:00:00,85.0,-123.75,0.4056711622094652,0.07243010755775628
2012-01-01 00:00:00,85.0,-123.0,0.40243903460483293,0.06606626867149158
2012-01-01 00:00:00,85.0,-122.25,0.40571128344437174,0.06013956059128438
2012-01-01 00:00:00,85.0,-121.5,0.40354578201646024,0.062481778583865506
2012-01-01 00:00:00,85.0,-120.75,0.40625063216523016,0.05929471389587853
2012-01-01 00:00:00,85.0,-120.0,0.4025088044988848,0.047940970337603785
2012-01-01 00:00:00,85.0,-119.25,0.4001714897246242,0.06764361764355474
2012-01-01 00:00:00,85.0,-118.5,0.40135122041419796,0.06458368378237919
2012-01-01 00:00:00,85.0,-117.75,0.40323883877761596,0.05355695718971518
2012-01-01 00:00:00,85.0,-117.0,0.40308320977518514,0.052232939594599924
2012-01-01 00:00:00,85.0,-116.25,0.40143913261234687,0.05858225689328326
2012-01-01 00:00:00,85.0,-115.5,0.40090832586687336,0.05680322420126212
2012-01-01 00:00:00,85.0,-114.75,0.40157349619989885,0.04843617868566015
2012-01-01 00:00:00,85.0,-114.0,0.40408681507297367,0.043152590424716364
2012-01-01 00:00:00,85.0,-113.25,0.40083433546781594,0.05061462563662276
2012-01-01 00:00:00,85.0,-112.5,0.3981185251313562,0.038187829123035685
2012-01-01 00:00:00,85.0,-111.75,0.3994749722987291,0.05753575241320785
2012-01-01 00:00:00,85.0,-111.0,0.40029412286932675,0.05739170033129946
2012-01-01 00:00:00,85.0,-110.25,0.3953413363269394,0.05897524784460033
2012-01-01 00:00:00,85.0,-109.5,0.40670814561749463,0.04298967969297104
2012-01-01 00:00:00,85.0,-108.75,0.4102556115744723,0.05825398101175091
2012-01-01 00:00:00,85.0,-108.0,0.4219700266355494,0.04723847702590043
2012-01-01 00:00:00,85.0,-107.25,0.43188231366243335,0.051597967602707503
2012-01-01 00:00:00,85.0,-106.5,0.43812051242245825,0.05370837692141533
2012-01-01 00:00:00,85.0,-105.75,0.43682815948962883,0.07173278340512469
2012-01-01 00:00:00,85.0,-105.0,0.4444542154335065,0.0660102658083239
2012-01-01 00:00:00,85.0,-104.25,0.4503206886981758,0.06693338203039158
2012-01-01 00:00:00,85.0,-103.5,0.44881766837551207,0.07626708063139392
2012-01-01 00:00:00,85.0,-102.75,0.4497820658438567,0.0674987875087353
2012-01-01 00:00:00,85.0,-102.0,0.4482868682812543,0.07339357489909744
2012-01-01 00:00:00,85.0,-101.25,0.4489154229168602,0.07359200926995334
2012-01-01 00:00:00,85.0,-100.5,0.4475560234906835,0.07697359219322607
2012-01-01 00:00:00,85.0,-99.75,0.4482828576328953,0.07691594522081434
2012-01-01 00:00:00,85.0,-99.0,0.4479709330011166,0.08362543820574946
2012-01-01 00:00:00,85.0,-98.25,0.44686389069469545,0.06944734563821386
2012-01-01 00:00:00,85.0,-97.5,0.44875497914396917,0.08617318193427254
2012-01-01 00:00:00,85.0,-96.75,0.44924239335771654,0.05633040860426827
2012-01-01 00:00:00,85.0,-96.0,0.44863976073524087,0.06406583713705898
2012-01-01 00:00:00,85.0,-95.25,0.4517616380170725,0.06796799733292218
2012-01-01 00:00:00,85.0,-94.5,0.45324386687184975,0.06347357387890214
2012-01-01 00:00:00,85.0,-93.75,0.45483597507122414,0.060620126326801804
2012-01-01 00:00:00,85.0,-93.0,0.45247078112510836,0.06703163514575981
2012-01-01 00:00:00,85.0,-92.25,0.45214933162806314,0.05460937896322817
2012-01-01 00:00:00,85.0,-91.5,0.4452566460612471,0.07288063462974659
2012-01-01 00:00:00,85.0,-90.75,0.4386618454003174,0.07532939728378528
2012-01-01 00:00:00,85.0,-90.0,0.4384669981546021,0.07810018604034893
2012-01-01 00:00:00,85.0,-89.25,0.4424690189772925,0.08133869361718313
2012-01-01 00:00:00,85.0,-88.5,0.44591955760049296,0.06031844153824039
2012-01-01 00:00:00,85.0,-87.75,0.4419100632723414,0.07648452120687384
2012-01-01 00:00:00,85.0,-87.0,0.44316355674121544,0.07711307882240268
2012-01-01 00:00:00,85.0,-86.25,0.4480027927225274,0.07280678725868985
2012-01-01 00:00:00,85.0,-85.5,0.45174399260717113,0.0794479542516666
2012-01-01 00:00:00,85.0,-84.75,0.45376821474497786,0.07218879624643831
2012-01-01 00:00:00,85.0,-84.0,0.44806404828479984,0.0900419552724258
2012-01-01 00:00:00,85.0,-83.25,0.4540942437820247,0.08089571332445308
2012-01-01 00:00:00,85.0,-82.5,0.4501646012039777,0.07044471296748989
2012-01-01 00:00:00,85.0,-81.75,0.4516058993849098,0.0869550800478862
2012-01-01 00:00:00,85.0,-81.0,0.4501367504012213,0.08366435642953522
2012-01-01 00:00:00,85.0,-80.25,0.44986517220150835,0.06872301735679663
2012-01-01 00:00:00,85.0,-79.5,0.4516239052147946,0.07587161080269103
2012-01-01 00:00:00,85.0,-78.75,0.4467754495278504,0.0892550653668549
2012-01-01 00:00:00,85.0,-78.0,0.4434911664981563,0.08270438116660593
2012-01-01 00:00:00,85.0,-77.25,0.43440499485375833,0.07902156328401072
2012-01-01 00:00:00,85.0,-76.5,0.43304301838290993,0.0758679437052493
2012-01-01 00:00:00,85.0,-75.75,0.42212884189362654,0.08077589728755727
2012-01-01 00:00:00,85.0,-75.0,0.41579703016915265,0.07437566542785796
2012-01-01 00:00:00,85.0,-74.25,0.4100793314400609,0.07131430163917916
2012-01-01 00:00:00,85.0,-73.5,0.4014310754402801,0.08172637708061621
2012-01-01 00:00:00,85.0,-72.75,0.3986912742773576,0.08012662495253478
2012-01-01 00:00:00,85.0,-72.0,0.3957754900176406,0.07906972983317889
2012-01-01 00:00:00,85.0,-71.25,0.3977023771398453,0.07958147686301661
2012-01-01 00:00:00,85.0,-70.5,0.39547286189204855,0.07677669748450118
2012-01-01 00:00:00,85.0,-69.75,0.39487453342108764,0.07910019004635559
2012-01-01 00:00:00,85.0,-69.0,0.3950815306618092,0.07197566194186414
2012-01-01 00:00:00,85.0,-68.25,0.397256285203033,0.07574639512272975
2012-01-01 00:00:00,85.0,-67.5,0.3944096847422685,0.08311193068955132
2012-01-01 00:00:00,85.0,-66.75,0.39537938866206906,0.07755370798074462
2012-01-01 00:00:00,85.0,-66.0,0.3969018128511176,0.08045284189320472
2012-01-01 00:00:00,85.0,-65.25,0.39869169361591095,0.06878441406472188
2012-01-01 00:00:00,85.0,-64.5,0.3951500559640194,0.07228377698772016
2012-01-01 00:00:00,85.0,-63.75,0.3902523555934796,0.07943098714772688
2012-01-01 00:00:00,85.0,-63.0,0.3943894539818898,0.07512008080713331
2012-01-01 00:00:00,85.0,-62.25,0.39399509459118726,0.07438667189861656
2012-01-01 00:00:00,85.0,-61.5,0.39462670384955023,0.08078628477066949
2012-01-01 00:00:00,85.0,-60.75,0.3929318269496459,0.07660442662885845
2012-01-01 00:00:00,85.0,-60.0,0.3921283014431233,0.07874514911852211
2012-01-01 00:00:00,85.0,-59.25,0.38689629746357,0.08389641195378127
2012-01-01 00:00:00,85.0,-58.5,0.38724623718888407,0.09193980447064214
2012-01-01 00:00:00,85.0,-57.75,0.38417989023716176,0.07954256016599127
2012-01-01 00:00:00,85.0,-57.0,0.37765589798476473,0.07265045041837782
2012-01-01 00:00:00,85.0,-56.25,0.3756147252995108,0.07950596838675247
2012-01-01 00:00:00,85.0,-55.5,0.3754573443730797,0.08367216689904479
2012-01-01 00:00:00,85.0,-54.75,0.3740034663736274,0.08249062951318083
2012-01-01 00:00:00,85.0,-54.0,0.3645080817167387,0.0845866340858284
2012-01-01 00:00:00,85.0,-53.25,0.3596459801607407,0.08081526987156974
2012-01-01 00:00:00,85.0,-52.5,0.32573795393776533,0.08469158617892078
2012-01-01 00:00:00,85.0,-51.75,0.3149251697954182,0.07486337061993015
2012-01-01 00:00:00,85.0,-51.0,0.31328483390619066,0.07773344070981447
2012-01-01 00:00:00,85.0,-50.25,0.2962423810848891,0.05624495353317196
2012-01-01 00:00:00,85.0,-49.5,0.295111071765022,0.07046851895556737
2012-01-01 00:00:00,85.0,-48.75,0.2940032328907427,0.0633813041323141
2012-01-01 00:00:00,85.0,-48.0,0.29213316578423393,0.06381856780990841
2012-01-01 00:00:00,85.0,-47.25,0.30640727203367646,0.06307092646997524
2012-01-01 00:00:00,85.0,-46.5,0.2940316657940758,0.05847246763031964
2012-01-01 00:00:00,85.0,-45.75,0.29577875781383794,0.05542983005241204
2012-01-01 00:00:00,85.0,-45.0,0.2958873917662357,0.05897930200611869
2012-01-01 00:00:00,85.0,-44.25,0.2912219041043905,0.05495737222057773
2012-01-01 00:00:00,85.0,-43.5,0.294473424302504,0.053075664887115494
2012-01-01 00:00:00,85.0,-42.75,0.29200141241849453,0.05842593661855951
2012-01-01 00:00:00,85.0,-42.0,0.2881451277402839,0.05395128735528741
2012-01-01 00:00:00,85.0,-41.25,0.2980991659771102,0.05792694706841069
2012-01-01 00:00:00,85.0,-40.5,0.29887606989672183,0.05509471788022626
2012-01-01 00:00:00,85.0,-39.75,0.2998101948575763,0.05352405624876778
2012-01-01 00:00:00,85.0,-39.0,0.29848588049700925,0.05033051008929578
2012-01-01 00:00:00,85.0,-38.25,0.29686145884685333,0.06609509558181394
2012-01-01 00:00:00,85.0,-37.5,0.29597682660815916,0.0528155448650261
2012-01-01 00:00:00,85.0,-36.75,0.29850844906214824,0.04823844514590582
2012-01-01 00:00:00,85.0,-36.0,0.299680398266866,0.05251663103525598
2012-01-01 00:00:00,85.0,-35.25,0.2972788579816792,0.057887731771818544
2012-01-01 00:00:00,85.0,-34.5,0.2937665809462133,0.05636428309149831
2012-01-01 00:00:00,85.0,-33.75,0.290995227980054,0.05027878074377914
2012-01-01 00:00:00,85.0,-33.0,0.2905498959504699,0.05162943350231475
2012-01-01 00:00:00,85.0,-32.25,0.29361772962226507,0.05308109698041996
2012-01-01 00:00:00,85.0,-31.5,0.28963972605328936,0.051237886277896445
2012-01-01 00:00:00,85.0,-30.75,0.29014265835335434,0.05297649585585638
2012-01-01 00:00:00,85.0,-30.0,0.29134973866180314,0.054139662323999194
2012-01-01 00:00:00,85.0,-29.25,0.2895304804773161,0.06196553195744439
2012-01-01 00:00:00,85.0,-28.5,0.291076140706393,0.05425248435509829
2012-01-01 00:00:00,85.0,-27.75,0.28110480994488873,0.05996761576190999
2012-01-01 00:00:00,85.0,-27.0,0.2824989844982159,0.05343060490621659
2012-01-01 00:00:00,85.0,-26.25,0.27946615201893715,0.05477946532788144
2012-01-01 00:00:00,85.0,-25.5,0.2772132788028942,0.055865971700734256
2012-01-01 00:00:00,85.0,-24.75,0.28177661582548075,0.06090249190940069
2012-01-01 00:00:00,85.0,-24.0,0.27995335080981343,0.05062255077896169
2012-01-01 00:00:00,85.0,-23.25,0.27776005642102675,0.048646134440364204
2012-01-01 00:00:00,85.0,-22.5,0.27775604152357775,0.053159847435419294
2012-01-01 00:00:00,85.0,-21.75,0.28143052251022327,0.05020762125925306
2012-01-01 00:00:00,85.0,-21.0,0.2823405187157025,0.04672302977295651
2012-01-01 00:00:00,85.0,-20.25,0.27974926442769793,0.04554931375214218
2012-01-01 00:00:00,85.0,-19.5,0.28003602665467814,0.04515573597987062
2012-01-01 00:00:00,85.0,-18.75,0.2759152254108369,0.04742456803492607
2012-01-01 00:00:00,85.0,-18.0,0.2624854122451816,0.03822133508302995
2012-01-01 00:00:00,85.0,-17.25,0.2503954303795818,0.04545844078160344
2012-01-01 00:00:00,85.0,-16.5,0.2475363943529908,0.0444254382027732
2012-01-01 00:00:00,85.0,-15.75,0.2418105720576554,0.03997806616716327
2012-01-01 00:00:00,85.0,-15.0,0.24495307775263442,0.04247716702670108
2012-01-01 00:00:00,85.0,-14.25,0.2444477218076738,0.047685291469858414
2012-01-01 00:00:00,85.0,-13.5,0.24157120315894215,0.04603576805854751
2012-01-01 00:00:00,85.0,-12.75,0.25361294385164157,0.0506898098056588
2012-01-01 00:00:00,85.0,-12.0,0.23998563012190746,0.048694866489367564
2012-01-01 00:00:00,85.0,-11.25,0.26682065765608975,0.045660873135748715
2012-01-01 00:00:00,85.0,-10.5,0.24898037129868755,0.05181289767922985
2012-01-01 00:00:00,85.0,-9.75,0.2595206210128734,0.04580253447563222
2012-01-01 00:00:00,85.0,-9.0,0.24391624966197153,0.04943751832091479
2012-01-01 00:00:00,85.0,-8.25,0.249836681708425,0.048807186622783695
2012-01-01 00:00:00,85.0,-7.5,0.26706411545449593,0.04538685256304396
2012-01-01 00:00:00,85.0,-6.75,0.27303133760312465,0.04598802621965643
2012-01-01 00:00:00,85.0,-6.0,0.26906479418363344,0.04654853847397336
2012-01-01 00:00:00,85.0,-5.25,0.24907401398605034,0.04467291279882444
2012-01-01 00:00:00,85.0,-4.5,0.23976270888386622,0.03688768312373161
2012-01-01 00:00:00,85.0,-3.75,0.23418609571012794,0.03491994926117445
2012-01-01 00:00:00,85.0,-3.0,0.22637907021280876,0.049635128586462865
2012-01-01 00:00:00,85.0,-2.25,0.21424818761754016,0.04977291750227748
2012-01-01 00:00:00,85.0,-1.5,0.20278865299434012,0.05122851687324232
2012-01-01 00:00:00,85.0,-0.75,0.20666215276209374,0.06265378703081827
2012-01-01 00:00:00,85.0,0.0,0.21293877401773062,0.05875605060820408
2012-01-01 00:00:00,85.0,0.75,0.19974136537587525,0.05767731354247234
2012-01-01 00:00:00,85.0,1.5,0.19061700389362332,0.0600385522638708
2012-01-01 00:00:00,85.0,2.25,0.20505227288723404,0.05626970719658194
2012-01-01 00:00:00,85.0,3.0,0.16141631774444715,0.05298154590405494
2012-01-01 00:00:00,85.0,3.75,0.1883088578417023,0.05355351017046894
2012-01-01 00:00:00,85.0,4.5,0.1982498079471255,0.04711849088412986
2012-01-01 00:00:00,85.0,5.25,0.20638131012603955,0.037218181546797506
2012-01-01 00:00:00,85.0,6.0,0.14672473124012708,0.0384662593688405
2012-01-01 00:00:00,85.0,6.75,0.19157347090213467,0.037217298201615706
2012-01-01 00:00:00,85.0,7.5,0.1918720457609903,0.04535943971923329
2012-01-01 00:00:00,85.0,8.25,0.18234095170837644,0.03688910737677243
2012-01-01 00:00:00,85.0,9.0,0.18382115174582792,0.038567184246126845
2012-01-01 00:00:00,85.0,9.75,0.16776877234484838,0.02955596395882889
2012-01-01 00:00:00,85.0,10.5,0.2076675247851123,0.045527482503085
2012-01-01 00:00:00,85.0,11.25,0.17918899821345263,0.03696690439074505
2012-01-01 00:00:00,85.0,12.0,0.18060554663286707,0.04733146665954853
2012-01-01 00:00:00,85.0,12.75,0.18645356918758482,0.028480504081573182
2012-01-01 00:00:00,85.0,13.5,0.1631983737742673,0.032887614632004396
2012-01-01 00:00:00,85.0,14.25,0.17265572554393774,0.0335725435282528
2012-01-01 00:00:00,85.0,15.0,0.18337370257905633,0.0405182130260615
2012-01-01 00:00:00,85.0,15.75,0.1691660744875244,0.04354076983735935
2012-01-01 00:00:00,85.0,16.5,0.14030357584671063,0.037595794732724556
2012-01-01 00:00:00,85.0,17.25,0.16933194958127845,0.043480306830629686
2012-01-01 00:00:00,85.0,18.0,0.15886881565346206,0.03816835383253915
2012-01-01 00:00:00,85.0,18.75,0.14175934592832712,0.03727439931438408
2012-01-01 00:00:00,85.0,19.5,0.1643184591536384,0.036131113050320116
2012-01-01 00:00:00,85.0,20.25,0.13736826651017905,0.041844210890042796
2012-01-01 00:00:00,85.0,21.0,0.1638749149366448,0.036057013154614306
2012-01-01 00:00:00,85.0,21.75,0.1553923395378506,0.03809826131302726
2012-01-01 00:00:00,85.0,22.5,0.16363874288256225,0.037714055458782585
2012-01-01 00:00:00,85.0,23.25,0.1600952758999972,0.04099812605413236
2012-01-01 00:00:00,85.0,24.0,0.16346142234552388,0.04620437293557335
2012-01-01 00:00:00,85.0,24.75,0.15826609627729873,0.03870333701065682
2012-01-01 00:00:00,85.0,25.5,0.14808735534847217,0.04141972713795064
2012-01-01 00:00:00,85.0,26.25,0.14080451187836418,0.03260258169598195
2012-01-01 00:00:00,85.0,27.0,0.1443949842920695,0.02937983035891963
2012-01-01 00:00:00,85.0,27.75,0.16107170103095378,0.042384156268257214
2012-01-01 00:00:00,85.0,28.5,0.1560445958708655,0.030634633558813375
2012-01-01 00:00:00,85.0,29.25,0.15458212561458626,0.04438089633757995
2012-01-01 00:00:00,85.0,30.0,0.15830310725816,0.03222725260579101
2012-01-01 00:00:00,85.0,30.75,0.15113901873676316,0.038053033669324034
2012-01-01 00:00:00,85.0,31.5,0.14925337123873444,0.04461391135678588
2012-01-01 00:00:00,85.0,32.25,0.1501489071686518,0.04055691494166175
2012-01-01 00:00:00,85.0,33.0,0.1494716568840247,0.0359591771332048
2012-01-01 00:00:00,85.0,33.75,0.14974801618247452,0.0380024311416715
2012-01-01 00:00:00,85.0,34.5,0.14932631962737486,0.029178411738136227
2012-01-01 00:00:00,85.0,35.25,0.14113588922225342,0.0293265707661414
2012-01-01 00:00:00,85.0,36.0,0.14673725326784431,0.028727388679381696
2012-01-01 00:00:00,85.0,36.75,0.14271287997784607,0.03221854639150702
2012-01-01 00:00:00,85.0,37.5,0.14538457674733257,0.03930847816620495
2012-01-01 00:00:00,85.0,38.25,0.14636601275350622,0.03753749822171896
2012-01-01 00:00:00,85.0,39.0,0.14795731082725633,0.038359657124097044
2012-01-01 00:00:00,85.0,39.75,0.1453433948600105,0.04106873577680057
2012-01-01 00:00:00,85.0,40.5,0.12758422699214475,0.038202109276872995
2012-01-01 00:00:00,85.0,41.25,0.12044401528874397,0.046241701109867896
2012-01-01 00:00:00,85.0,42.0,0.11565738722710034,0.042303235317283215
2012-01-01 00:00:00,85.0,42.75,0.11075360661016183,0.03496955921940848
2012-01-01 00:00:00,85.0,43.5,0.11877591991981214,0.048030826662614025
2012-01-01 00:00:00,85.0,44.25,0.11708301831696595,0.045601379400615136
2012-01-01 00:00:00,85.0,45.0,0.1161217243778473,0.05111658232286919
2012-01-01 00:00:00,85.0,45.75,0.11678205838341908,0.04849574717665266
2012-01-01 00:00:00,85.0,46.5,0.11608931352608935,0.05185730543828667
2012-01-01 00:00:00,85.0,47.25,0.11198277898866885,0.04026600114577822
2012-01-01 00:00:00,85.0,48.0,0.11452737250677628,0.043912939789761
2012-01-01 00:00:00,85.0,48.75,0.11048803763206332,0.030944923478963583
2012-01-01 00:00:00,85.0,49.5,0.11421315887864851,0.04057912799418027
2012-01-01 00:00:00,85.0,50.25,0.11547006946703763,0.048482370939076626
2012-01-01 00:00:00,85.0,51.0,0.11055685334379517,0.03182577237138199
2012-01-01 00:00:00,85.0,51.75,0.11358585070796519,0.042402211986449834
2012-01-01 00:00:00,85.0,52.5,0.11194222368722236,0.04190754325865804
2012-01-01 00:00:00,85.0,53.25,0.11074920209378775,0.031707054341827724
2012-01-01 00:00:00,85.0,54.0,0.11353512867264044,0.03773589171262182
2012-01-01 00:00:00,85.0,54.75,0.11209892917449406,0.04214230692916152
2012-01-01 00:00:00,85.0,55.5,0.1130650222570581,0.045184552358761995
2012-01-01 00:00:00,85.0,56.25,0.11115671104956243,0.0440929385172878
2012-01-01 00:00:00,85.0,57.0,0.11177001575394795,0.033281177285467665
2012-01-01 00:00:00,85.0,57.75,0.11303880155450842,0.03967732482156425
2012-01-01 00:00:00,85.0,58.5,0.11023966509695378,0.03907776627514594
2012-01-01 00:00:00,85.0,59.25,0.10952877925129663,0.035664831609571124
2012-01-01 00:00:00,85.0,60.0,0.10907011323156464,0.032958120453694686
2012-01-01 00:00:00,85.0,60.75,0.10992620230827244,0.03714842154485715
2012-01-01 00:00:00,85.0,61.5,0.11248607796726437,0.0465890860837758
2012-01-01 00:00:00,85.0,62.25,0.10996026518929099,0.03459931418967539
2012-01-01 00:00:00,85.0,63.0,0.1111864793803498,0.03417014927534931
2012-01-01 00:00:00,85.0,63.75,0.11283169009640805,0.03832720650862557
2012-01-01 00:00:00,85.0,64.5,0.11150670965161541,0.03388911966336656
2012-01-01 00:00:00,85.0,65.25,0.11173278150510928,0.03865134366346415
2012-01-01 00:00:00,85.0,66.0,0.11151748321901574,0.0399322589142552
2012-01-01 00:00:00,85.0,66.75,0.11211318173261837,0.04281975802622546
2012-01-01 00:00:00,85.0,67.5,0.11297594294029478,0.042849119863094094
2012-01-01 00:00:00,85.0,68.25,0.1124489247164594,0.04252094135190579
2012-01-01 00:00:00,85.0,69.0,0.1133040838831243,0.04230133640367577
2012-01-01 00:00:00,85.0,69.75,0.11324582804621727,0.03950915678638094
2012-01-01 00:00:00,85.0,70.5,0.11242443835816324,0.034419569415013056
2012-01-01 00:00:00,85.0,71.25,0.11271129243179175,0.03652858954771834
2012-01-01 00:00:00,85.0,72.0,0.11279844220272645,0.04063998789642362
2012-01-01 00:00:00,85.0,72.75,0.11395501220919137,0.04209330176792942
2012-01-01 00:00:00,85.0,73.5,0.11538608098211568,0.04222932762451223
2012-01-01 00:00:00,85.0,74.25,0.11413323713333032,0.03275827942059053
2012-01-01 00:00:00,85.0,75.0,0.11466110540949553,0.04608128714049493
2012-01-01 00:00:00,85.0,75.75,0.11739054405767874,0.03881307718672919
2012-01-01 00:00:00,85.0,76.5,0.1192510169121147,0.04097225931851694
2012-01-01 00:00:00,85.0,77.25,0.11910435626729678,0.03914067137727208
2012-01-01 00:00:00,85.0,78.0,0.11992215689120099,0.04071030027398353
2012-01-01 00:00:00,85.0,78.75,0.12143333708088457,0.041673717335597986
2012-01-01 00:00:00,85.0,79.5,0.12255026740189698,0.03221185748964426
2012-01-01 00:00:00,85.0,80.25,0.12486969468158124,0.02836037950759996
2012-01-01 00:00:00,85.0,81.0,0.13831488474779244,0.04343278441369603
2012-01-01 00:00:00,85.0,81.75,0.1483792825851667,0.04145996182084326
2012-01-01 00:00:00,85.0,82.5,0.15086281017387718,0.04089005363867111
2012-01-01 00:00:00,85.0,83.25,0.16227257334773126,0.03582921444778336
2012-01-01 00:00:00,85.0,84.0,0.16353414000227695,0.033784851096182116
2012-01-01 00:00:00,85.0,84.75,0.16589625588879253,0.03924023148876867
2012-01-01 00:00:00,85.0,85.5,0.16478111014735392,0.033239587404762364
2012-01-01 00:00:00,85.0,86.25,0.16514916291993303,0.031727958280981135
2012-01-01 00:00:00,85.0,87.0,0.16448718151441663,0.025444832142338992
2012-01-01 00:00:00,85.0,87.75,0.1652896479542857,0.029273080908243612
2012-01-01 00:00:00,85.0,88.5,0.16470670572001472,0.03091364048341824
2012-01-01 00:00:00,85.0,89.25,0.16594485841588286,0.02946722970965762
2012-01-01 00:00:00,85.0,90.0,0.16616078957176864,0.03457712230809973
2012-01-01 00:00:00,85.0,90.75,0.16540986062946333,0.030444783847917472
2012-01-01 00:00:00,85.0,91.5,0.16492042795863018,0.03381177833082868
2012-01-01 00:00:00,85.0,92.25,0.1661056324150722,0.029053692348338732
2012-01-01 00:00:00,85.0,93.0,0.16768161058994296,0.028412265760497765
2012-01-01 00:00:00,85.0,93.75,0.16610774448285687,0.03191989447317061
2012-01-01 00:00:00,85.0,94.5,0.16898843773454206,0.034980947189873414
2012-01-01 00:00:00,85.0,95.25,0.1675303958667458,0.03181612557031207
2012-01-01 00:00:00,85.0,96.0,0.1683273213219331,0.030767307043126624
2012-01-01 00:00:00,85.0,96.75,0.16926371280966715,0.03374537949889885
2012-01-01 00:00:00,85.0,97.5,0.16703013365572444,0.026238659579805725
2012-01-01 00:00:00,85.0,98.25,0.16894197908794703,0.03671294276596897
2012-01-01 00:00:00,85.0,99.0,0.168862948025043,0.03210379921452683
2012-01-01 00:00:00,85.0,99.75,0.16761295810451987,0.036624934584205966
2012-01-01 00:00:00,85.0,100.5,0.16872459380435276,0.030458709694586153
2012-01-01 00:00:00,85.0,101.25,0.16855157572585408,0.031834302951224656
2012-01-01 00:00:00,85.0,102.0,0.17021016982740453,0.03350625806399095
2012-01-01 00:00:00,85.0,102.75,0.1700316679369182,0.026754457461019097
2012-01-01 00:00:00,85.0,103.5,0.17066150735010505,0.031251596324372875
2012-01-01 00:00:00,85.0,104.25,0.17611565077377936,0.0270571829208238
2012-01-01 00:00:00,85.0,105.0,0.17556840522646683,0.026639040719233443
2012-01-01 00:00:00,85.0,105.75,0.1811960918688148,0.027685406328355453
2012-01-01 00:00:00,85.0,106.5,0.1845422755045241,0.029252121078673147
2012-01-01 00:00:00,85.0,107.25,0.18692059144259823,0.029425627044116484
2012-01-01 00:00:00,85.0,108.0,0.18780067715475,0.024379439759684863
2012-01-01 00:00:00,85.0,108.75,0.1896261055264303,0.030718930138362566
2012-01-01 00:00:00,85.0,109.5,0.18891265039347796,0.03008959051075465
2012-01-01 00:00:00,85.0,110.25,0.19203556696603494,0.026999347307886407
2012-01-01 00:00:00,85.0,111.0,0.19123713083595506,0.027974639953179926
2012-01-01 00:00:00,85.0,111.75,0.19176551229191055,0.029089816809810258
2012-01-01 00:00:00,85.0,112.5,0.19413910508514953,0.027631492706020597
2012-01-01 00:00:00,85.0,113.25,0.19379607538350468,0.027994749730118187
2012-01-01 00:00:00,85.0,114.0,0.1953039427084802,0.030909679785322663
2012-01-01 00:00:00,85.0,114.75,0.19569231166015222,0.02131150434718274
2012-01-01 00:00:00,85.0,115.5,0.19768707174844127,0.02863519355192557
2012-01-01 00:00:00,85.0,116.25,0.19728995923748288,0.02824678613517906
2012-01-01 00:00:00,85.0,117.0,0.19868174302210193,0.030917086817144813
2012-01-01 00:00:00,85.0,117.75,0.20066075795670832,0.0285416803351102
2012-01-01 00:00:00,85.0,118.5,0.20159822337838001,0.0285051464956057
2012-01-01 00:00:00,85.0,119.25,0.20216856256662016,0.02964070014710522
2012-01-01 00:00:00,85.0,120.0,0.20470320465996814,0.024086259209483363
2012-01-01 00:00:00,85.0,120.75,0.20446662724056217,0.02373907919533444
2012-01-01 00:00:00,85.0,121.5,0.2089152768313387,0.022926685205048057
2012-01-01 00:00:00,85.0,122.25,0.20876679765223952,0.031499900084969445
2012-01-01 00:00:00,85.0,123.0,0.20895487264393894,0.02756390951894157
2012-01-01 00:00:00,85.0,123.75,0.21349696543456664,0.02438252427138185
2012-01-01 00:00:00,85.0,124.5,0.21096125424805953,0.030468626818525333
2012-01-01 00:00:00,85.0,125.25,0.21688520725372767,0.03169369598938833
2012-01-01 00:00:00,85.0,126.0,0.2245566443232055,0.033758460199570406
2012-01-01 00:00:00,85.0,126.75,0.2255126863694309,0.03817176384037046
2012-01-01 00:00:00,85.0,127.5,0.22770662372949482,0.03602994661577494
2012-01-01 00:00:00,85.0,128.25,0.23064800489024057,0.04023495414586479
2012-01-01 00:00:00,85.0,129.0,0.23914982789097539,0.03780995680332572
2012-01-01 00:00:00,85.0,129.75,0.24650353386505014,0.038370260255281806
2012-01-01 00:00:00,85.0,130.5,0.24856870754481736,0.03451478394473112
2012-01-01 00:00:00,85.0,131.25,0.25108660008290346,0.03684211750196444
2012-01-01 00:00:00,85.0,132.0,0.2532849163864651,0.03979079946459342
2012-01-01 00:00:00,85.0,132.75,0.2549397245751586,0.031013055380190793
2012-01-01 00:00:00,85.0,133.5,0.2583211310879348,0.036996305605133305
2012-01-01 00:00:00,85.0,134.25,0.2608883087270853,0.03026269160804662
2012-01-01 00:00:00,85.0,135.0,0.26132603515466213,0.0414991509859092
2012-01-01 00:00:00,85.0,135.75,0.2586414094962792,0.03231959534106453
2012-01-01 00:00:00,85.0,136.5,0.26158222198735903,0.039418939425175006
2012-01-01 00:00:00,85.0,137.25,0.2610682060236972,0.03709583041480429
2012-01-01 00:00:00,85.0,138.0,0.25894335823583803,0.04255776044763939
2012-01-01 00:00:00,85.0,138.75,0.2623831479075537,0.03104784030071087
2012-01-01 00:00:00,85.0,139.5,0.26064483702795477,0.03184316368664567
2012-01-01 00:00:00,85.0,140.25,0.26325127259485626,0.03150468421271245
2012-01-01 00:00:00,85.0,141.0,0.26067918176721755,0.026696411889059187
2012-01-01 00:00:00,85.0,141.75,0.26345577721260477,0.026054971470559882
2012-01-01 00:00:00,85.0,142.5,0.2605964959657615,0.035839973663462185
2012-01-01 00:00:00,85.0,143.25,0.263237292963046,0.03635154464902476
2012-01-01 00:00:00,85.0,144.0,0.2604970649516952,0.029525868143271652
2012-01-01 00:00:00,85.0,144.75,0.2625379751983637,0.032030228748703884
2012-01-01 00:00:00,85.0,145.5,0.26157360747917124,0.030867887142949243
2012-01-01 00:00:00,85.0,146.25,0.2661881863392313,0.030180025856992025
2012-01-01 00:00:00,85.0,147.0,0.2620157785041024,0.03505575080945317
2012-01-01 00:00:00,85.0,147.75,0.26468079697947505,0.02776881198149918
2012-01-01 00:00:00,85.0,148.5,0.26174387083249384,0.033334279702338966
2012-01-01 00:00:00,85.0,149.25,0.262719753803213,0.03871294109379954
2012-01-01 00:00:00,85.0,150.0,0.26658137147142696,0.03483500490041773
2012-01-01 00:00:00,85.0,150.75,0.2659156720589706,0.03208518380674025
2012-01-01 00:00:00,85.0,151.5,0.2667837186242579,0.033843911092942235
2012-01-01 00:00:00,85.0,152.25,0.27316698381021076,0.045842697767219574
2012-01-01 00:00:00,85.0,153.0,0.2752657525343627,0.03853451720509571
2012-01-01 00:00:00,85.0,153.75,0.2779500748754019,0.037203213234753764
2012-01-01 00:00:00,85.0,154.5,0.2820157605423349,0.04155172897254147
2012-01-01 00:00:00,85.0,155.25,0.27656906753157107,0.0404797761578158
2012-01-01 00:00:00,85.0,156.0,0.29000153777588955,0.042786001043016865
2012-01-01 00:00:00,85.0,156.75,0.2938794962244303,0.04254075909090895
2012-01-01 00:00:00,85.0,157.5,0.29646959063404915,0.044572831668228445
2012-01-01 00:00:00,85.0,158.25,0.3039170067315253,0.045449036989287976
2012-01-01 00:00:00,85.0,159.0,0.3076211336423104,0.0419852590754228
2012-01-01 00:00:00,85.0,159.75,0.3064513649407074,0.045563171046266324
2012-01-01 00:00:00,85.0,160.5,0.31423868140748085,0.044422897383649136
2012-01-01 00:00:00,85.0,161.25,0.3139222124846132,0.039548484286481965
2012-01-01 00:00:00,85.0,162.0,0.31446539313444005,0.043025584338075615
2012-01-01 00:00:00,85.0,162.75,0.3145969599190359,0.04435177256715901
2012-01-01 00:00:00,85.0,163.5,0.31811720759681567,0.043950832990102634
2012-01-01 00:00:00,85.0,164.25,0.3186129965938866,0.04579253157195537
2012-01-01 00:00:00,85.0,165.0,0.3200346857582098,0.042058622462583115
2012-01-01 00:00:00,85.0,165.75,0.31774088906131837,0.0436427914729495
2012-01-01 00:00:00,85.0,166.5,0.32298231813999595,0.04088517166570867
2012-01-01 00:00:00,85.0,167.25,0.3116479694497172,0.04341560570620529
2012-01-01 00:00:00,85.0,168.0,0.3257730675087399,0.050627481048992895
2012-01-01 00:00:00,85.0,168.75,0.327704138141457,0.0413670540693115
2012-01-01 00:00:00,85.0,169.5,0.32760657307714436,0.04765127592572193
2012-01-01 00:00:00,85.0,170.25,0.3271205132698938,0.048330713405198976
2012-01-01 00:00:00,85.0,171.0,0.32875086855621083,0.048562358496444344
2012-01-01 00:00:00,85.0,171.75,0.3268447452840733,0.04932438406214871
2012-01-01 00:00:00,85.0,172.5,0.32389237220343386,0.047178629810731953
2012-01-01 00:00:00,85.0,173.25,0.3207762495811042,0.05324782817139714
2012-01-01 00:00:00,85.0,174.0,0.31638297485491185,0.03989354869448055
2012-01-01 00:00:00,85.0,174.75,0.3203191897062018,0.04798137427593272
2012-01-01 00:00:00,85.0,175.5,0.3260086616552565,0.04486085546668995
2012-01-01 00:00:00,85.0,176.25,0.3173572793419225,0.048341937223318074
2012-01-01 00:00:00,85.0,177.0,0.31713449870895727,0.044031865760727006
2012-01-01 00:00:00,85.0,177.75,0.3208764259974108,0.047108456964892985
2012-01-01 00:00:00,85.0,178.5,0.3216533305829262,0.0474236965984746
2012-01-01 00:00:00,85.0,179.25,0.3241236708264677,0.04960044640094866
2012-01-01 00:00:00,85.0,180.0,0.3209111443092904,0.043654734098603216
2012-01-01 00:00:00,85.25,-179.25,0.3181412245440678,0.054207457464598624
2012-01-01 00:00:00,85.25,-178.5,0.3167078856448017,0.05030300551913502
2012-01-01 00:00:00,85.25,-177.75,0.3067667053293085,0.041948559226265204
2012-01-01 00:00:00,85.25,-177.0,0.30853730994111955,0.046805008844684005
2012-01-01 00:00:00,85.25,-176.25,0.310450774003945,0.06306094104889277
2012-01-01 00:00:00,85.25,-175.5,0.3057710425242396,0.06185244488424117
2012-01-01 00:00:00,85.25,-174.75,0.2904558091904721,0.070574880767155
2012-01-01 00:00:00,85.25,-174.0,0.3221961246525773,0.06741815129470866
2012-01-01 00:00:00,85.25,-173.25,0.31849866285470657,0.07942095629717126
2012-01-01 00:00:00,85.25,-172.5,0.3325794079260389,0.08696344201408075
2012-01-01 00:00:00,85.25,-171.75,0.3272269126845449,0.08592084869817614
2012-01-01 00:00:00,85.25,-171.0,0.3268066323586027,0.09443533353154517
2012-01-01 00:00:00,85.25,-170.25,0.32729058133590616,0.08124171599462078
2012-01-01 00:00:00,85.25,-169.5,0.32436605201938956,0.09990356804280782
2012-01-01 00:00:00,85.25,-168.75,0.32683983496730684,0.07005788072946979
2012-01-01 00:00:00,85.25,-168.0,0.31660221748974127,0.08891827618030036
2012-01-01 00:00:00,85.25,-167.25,0.35679600652994703,0.08883559655304103
2012-01-01 00:00:00,85.25,-166.5,0.35646059503760724,0.08599576270205903
2012-01-01 00:00:00,85.25,-165.75,0.34649764168262037,0.0984421400865986
2012-01-01 00:00:00,85.25,-165.0,0.343525818227305,0.09470580027603563
2012-01-01 00:00:00,85.25,-164.25,0.34096120789815254,0.09366183980818174
2012-01-01 00:00:00,85.25,-163.5,0.3455077830798193,0.09580843727841115
2012-01-01 00:00:00,85.25,-162.75,0.346368841914323,0.08884446980344578
2012-01-01 00:00:00,85.25,-162.0,0.3536964223010555,0.089352022856952
2012-01-01 00:00:00,85.25,-161.25,0.36039321334273094,0.08405912100436887
2012-01-01 00:00:00,85.25,-160.5,0.3610254208533604,0.09656044065333182
2012-01-01 00:00:00,85.25,-159.75,0.36391681644222706,0.09779856188757079
2012-01-01 00:00:00,85.25,-159.0,0.3689777615213828,0.09864719710989589
2012-01-01 00:00:00,85.25,-158.25,0.373381944747944,0.0979745647631266
2012-01-01 00:00:00,85.25,-157.5,0.39128150290749375,0.09143908035389904
2012-01-01 00:00:00,85.25,-156.75,0.35130936401345275,0.0773123694838837
2012-01-01 00:00:00,85.25,-156.0,0.35125643183732796,0.07971185393212196
2012-01-01 00:00:00,85.25,-155.25,0.351952299140747,0.08914629548240693
2012-01-01 00:00:00,85.25,-154.5,0.3503009431968467,0.088089482597163
2012-01-01 00:00:00,85.25,-153.75,0.35229297139490634,0.08768303320743437
2012-01-01 00:00:00,85.25,-153.0,0.3556754992645467,0.06809908293718706
2012-01-01 00:00:00,85.25,-152.25,0.35474501218433935,0.07470442416478998
2012-01-01 00:00:00,85.25,-151.5,0.3543600320031492,0.07740866987796674
2012-01-01 00:00:00,85.25,-150.75,0.35781150991149185,0.07759188936715483
2012-01-01 00:00:00,85.25,-150.0,0.36889138201598126,0.0789191943785073
2012-01-01 00:00:00,85.25,-149.25,0.3703475787922108,0.07988637116126134
2012-01-01 00:00:00,85.25,-148.5,0.3698647206815309,0.07843214141644067
2012-01-01 00:00:00,85.25,-147.75,0.37480631563335237,0.06289827983372005
2012-01-01 00:00:00,85.25,-147.0,0.3740414705109273,0.08165173873811579
2012-01-01 00:00:00,85.25,-146.25,0.3729373853438207,0.060077673326650226
2012-01-01 00:00:00,85.25,-145.5,0.37546658164604624,0.07906759055463089
2012-01-01 00:00:00,85.25,-144.75,0.37566815978928386,0.07406152655869257
2012-01-01 00:00:00,85.25,-144.0,0.37719540084977465,0.06656984174675644
2012-01-01 00:00:00,85.25,-143.25,0.37412465002116246,0.061741213815869576
2012-01-01 00:00:00,85.25,-142.5,0.37991402981768485,0.07532310194149901
2012-01-01 00:00:00,85.25,-141.75,0.41060279180572096,0.07475073054248992
2012-01-01 00:00:00,85.25,-141.0,0.4128389621018672,0.0649400372734455
2012-01-01 00:00:00,85.25,-140.25,0.38745159377847227,0.06549275855425629
2012-01-01 00:00:00,85.25,-139.5,0.41536220919375477,0.063670664322876
2012-01-01 00:00:00,85.25,-138.75,0.4138723435573813,0.06001436690384346
2012-01-01 00:00:00,85.25,-138.0,0.4085138337687541,0.06760647007450941
2012-01-01 00:00:00,85.25,-137.25,0.40986190260395305,0.0587416886429887
2012-01-01 00:00:00,85.25,-136.5,0.4117549667549434,0.0657099137795577
2012-01-01 00:00:00,85.25,-135.75,0.4099352370533631,0.06741476095258071
2012-01-01 00:00:00,85.25,-135.0,0.40782618869784326,0.06813129189031042
2012-01-01 00:00:00,85.25,-134.25,0.40872855127837776,0.06655480993490481
2012-01-01 00:00:00,85.25,-133.5,0.3959559588419165,0.0707493321583316
2012-01-01 00:00:00,85.25,-132.75,0.39666542673444855,0.07350321629604464
2012-01-01 00:00:00,85.25,-132.0,0.406981950821381,0.061305159638791004
2012-01-01 00:00:00,85.25,-131.25,0.4052049548778287,0.051522292800610034
2012-01-01 00:00:00,85.25,-130.5,0.4055408911285889,0.06975162577580299
2012-01-01 00:00:00,85.25,-129.75,0.40681169207467666,0.05533924025622399
2012-01-01 00:00:00,85.25,-129.0,0.40965853085693216,0.0646581445055729
2012-01-01 00:00:00,85.25,-128.25,0.4089913946267773,0.06485406264028476
2012-01-01 00:00:00,85.25,-127.5,0.4235088745113035,0.04774068908667164
2012-01-01 00:00:00,85.25,-126.75,0.40317514943824206,0.06962895368765402
2012-01-01 00:00:00,85.25,-126.0,0.40958968580194566,0.06463365144137351
2012-01-01 00:00:00,85.25,-125.25,0.40483497615444597,0.050189688209857156
2012-01-01 00:00:00,85.25,-124.5,0.40584813422819294,0.05068464251390635
2012-01-01 00:00:00,85.25,-123.75,0.40609010643247107,0.05347094139570496
2012-01-01 00:00:00,85.25,-123.0,0.40217704432412216,0.058440042148832326
2012-01-01 00:00:00,85.25,-122.25,0.402100086608824,0.05178224759063719
2012-01-01 00:00:00,85.25,-121.5,0.40181591423387775,0.054054051899355623
2012-01-01 00:00:00,85.25,-120.75,0.4040692658284975,0.0512324586690021
2012-01-01 00:00:00,85.25,-120.0,0.4036612188232049,0.058361349382125206
2012-01-01 00:00:00,85.25,-119.25,0.400535671163987,0.061590465557511485
2012-01-01 00:00:00,85.25,-118.5,0.40038792290207015,0.050236550285128724
2012-01-01 00:00:00,85.25,-117.75,0.3987052263634847,0.07148138510366357
2012-01-01 00:00:00,85.25,-117.0,0.40174720179905804,0.055253452547074464
2012-01-01 00:00:00,85.25,-116.25,0.39469692000800827,0.06090784898750866
2012-01-01 00:00:00,85.25,-115.5,0.4007148527165924,0.05558963376187592
2012-01-01 00:00:00,85.25,-114.75,0.4002097897160403,0.06712432275836841
2012-01-01 00:00:00,85.25,-114.0,0.3999352759701443,0.05226701041500982
2012-01-01 00:00:00,85.25,-113.25,0.3981623829305376,0.06734941005861389
2012-01-01 00:00:00,85.25,-112.5,0.3976464820062116,0.058152374637789876
2012-01-01 00:00:00,85.25,-111.75,0.3971740838705614,0.06580110912449502
2012-01-01 00:00:00,85.25,-111.0,0.395407966635298,0.06513322158958995
2012-01-01 00:00:00,85.25,-110.25,0.3928214092588672,0.06439380218358726
2012-01-01 00:00:00,85.25,-109.5,0.39587102276057035,0.05775834310403025
2012-01-01 00:00:00,85.25,-108.75,0.39093614333801063,0.06435151549202499
2012-01-01 00:00:00,85.25,-108.0,0.39329504705965324,0.06710886157012685
2012-01-01 00:00:00,85.25,-107.25,0.393031677826715,0.0655076103848642
2012-01-01 00:00:00,85.25,-106.5,0.38976050026777515,0.057491776541311414
2012-01-01 00:00:00,85.25,-105.75,0.3913056889152439,0.06252255212489986
2012-01-01 00:00:00,85.25,-105.0,0.3877572692367378,0.05825556209152992
2012-01-01 00:00:00,85.25,-104.25,0.39538360447961673,0.06122918389882219
2012-01-01 00:00:00,85.25,-103.5,0.40627518953305325,0.057763700409330224
2012-01-01 00:00:00,85.25,-102.75,0.4099526618972764,0.07068927751204383
2012-01-01 00:00:00,85.25,-102.0,0.41473835998674036,0.06840957857750626
2012-01-01 00:00:00,85.25,-101.25,0.41887169633531157,0.06630835028280384
2012-01-01 00:00:00,85.25,-100.5,0.42131266422395325,0.07034662601547895
2012-01-01 00:00:00,85.25,-99.75,0.4356609598287237,0.06199152046173265
2012-01-01 00:00:00,85.25,-99.0,0.43960236985561196,0.0660290460292146
2012-01-01 00:00:00,85.25,-98.25,0.44720851617713714,0.06768256190378368
2012-01-01 00:00:00,85.25,-97.5,0.4464359752969285,0.07474289788570902
2012-01-01 00:00:00,85.25,-96.75,0.4451678439610377,0.07783258316372174
2012-01-01 00:00:00,85.25,-96.0,0.4398474999809563,0.08088239594877052
2012-01-01 00:00:00,85.25,-95.25,0.4388313508208301,0.07795667382510686
2012-01-01 00:00:00,85.25,-94.5,0.4365502208622427,0.0700927688862512
2012-01-01 00:00:00,85.25,-93.75,0.4302217639627419,0.07964477377208488
2012-01-01 00:00:00,85.25,-93.0,0.42624322812193,0.07990221315236465
2012-01-01 00:00:00,85.25,-92.25,0.41375396039300577,0.07475290006077669
2012-01-01 00:00:00,85.25,-91.5,0.40928076211417314,0.06095429658340298
2012-01-01 00:00:00,85.25,-90.75,0.4023175600875093,0.06452375083964786
2012-01-01 00:00:00,85.25,-90.0,0.40310904489772176,0.059489017646774354
2012-01-01 00:00:00,85.25,-89.25,0.403665578590744,0.05592526465068068
2012-01-01 00:00:00,85.25,-88.5,0.40296854571534485,0.0671499812082213
2012-01-01 00:00:00,85.25,-87.75,0.3998087907796429,0.06889991390730767
2012-01-01 00:00:00,85.25,-87.0,0.4001669007119436,0.06465338268549868
2012-01-01 00:00:00,85.25,-86.25,0.40175190111052395,0.06662500281256487
2012-01-01 00:00:00,85.25,-85.5,0.40133533333260424,0.05586174729802494
2012-01-01 00:00:00,85.25,-84.75,0.39902556489567803,0.06724487990701693
2012-01-01 00:00:00,85.25,-84.0,0.39973822660680586,0.06268810059224217
2012-01-01 00:00:00,85.25,-83.25,0.4010297605193963,0.06229271413122131
2012-01-01 00:00:00,85.25,-82.5,0.3956497019074332,0.0639088523950965
2012-01-01 00:00:00,85.25,-81.75,0.39626237491134925,0.0738549479464283
2012-01-01 00:00:00,85.25,-81.0,0.3954881623851142,0.06165598839379864
2012-01-01 00:00:00,85.25,-80.25,0.39043878039536656,0.08022017703127281
2012-01-01 00:00:00,85.25,-79.5,0.3936422667801874,0.0629277794861814
2012-01-01 00:00:00,85.25,-78.75,0.39095183030376535,0.07543714008663306
2012-01-01 00:00:00,85.25,-78.0,0.39577382963612745,0.07493789706373193
2012-01-01 00:00:00,85.25,-77.25,0.39528020832024746,0.06254907185938045
2012-01-01 00:00:00,85.25,-76.5,0.3955687327433964,0.06328979273086513
2012-01-01 00:00:00,85.25,-75.75,0.3973548077518759,0.06353419519651843
2012-01-01 00:00:00,85.25,-75.0,0.39509035981319635,0.07692913419490678
2012-01-01 00:00:00,85.25,-74.25,0.39542407976980454,0.07068818147309965
2012-01-01 00:00:00,85.25,-73.5,0.39715014416872996,0.07004283899757913
2012-01-01 00:00:00,85.25,-72.75,0.39533089078926525,0.07089427007717136
2012-01-01 00:00:00,85.25,-72.0,0.3956642903968485,0.07355965525604959
2012-01-01 00:00:00,85.25,-71.25,0.3970759749045684,0.08324785243262967
2012-01-01 00:00:00,85.25,-70.5,0.3988337701046879,0.06531567746065031
2012-01-01 00:00:00,85.25,-69.75,0.39440024417557007,0.07400506868997084
2012-01-01 00:00:00,85.25,-69.0,0.3941331971500093,0.08059955442704216
2012-01-01 00:00:00,85.25,-68.25,0.39654969115948124,0.08292671368097851
2012-01-01 00:00:00,85.25,-67.5,0.3945713416208932,0.08763004418508719
2012-01-01 00:00:00,85.25,-66.75,0.39622014112207515,0.07707252189587509
2012-01-01 00:00:00,85.25,-66.0,0.39492677141789834,0.07671534961624522
2012-01-01 00:00:00,85.25,-65.25,0.39496048134355827,0.06999110627020723
2012-01-01 00:00:00,85.25,-64.5,0.3931680563172885,0.07718438055087688
2012-01-01 00:00:00,85.25,-63.75,0.39287059131658203,0.07428187794809357
2012-01-01 00:00:00,85.25,-63.0,0.3920443192632578,0.07963865200053608
2012-01-01 00:00:00,85.25,-62.25,0.3954932024133694,0.06937819756307073
2012-01-01 00:00:00,85.25,-61.5,0.3901673401177387,0.07873270929050964
2012-01-01 00:00:00,85.25,-60.75,0.3875412468065295,0.08301092083668365
2012-01-01 00:00:00,85.25,-60.0,0.3840676269943732,0.08638067615198497
2012-01-01 00:00:00,85.25,-59.25,0.3836537260101037,0.08502048695215825
2012-01-01 00:00:00,85.25,-58.5,0.38579663787236607,0.08973233631507069
2012-01-01 00:00:00,85.25,-57.75,0.38491440833000534,0.08441090559544118
2012-01-01 00:00:00,85.25,-57.0,0.3807830897501996,0.07690064584369706
2012-01-01 00:00:00,85.25,-56.25,0.3713170243251081,0.09371235405576366
2012-01-01 00:00:00,85.25,-55.5,0.38554566833590675,0.08132177951449983
2012-01-01 00:00:00,85.25,-54.75,0.36883426881367937,0.07682973183339412
2012-01-01 00:00:00,85.25,-54.0,0.36327497387981245,0.09065352289076903
2012-01-01 00:00:00,85.25,-53.25,0.3472823313838867,0.08320205958377146
2012-01-01 00:00:00,85.25,-52.5,0.3251274824297729,0.08194962841500442
2012-01-01 00:00:00,85.25,-51.75,0.3079465752622801,0.07731358994526279
2012-01-01 00:00:00,85.25,-51.0,0.31046913664167664,0.06854706761255043
2012-01-01 00:00:00,85.25,-50.25,0.28853522911510987,0.06272261643067652
2012-01-01 00:00:00,85.25,-49.5,0.2947585049311352,0.060661952801480575
2012-01-01 00:00:00,85.25,-48.75,0.2934301197649625,0.05376899589707256
2012-01-01 00:00:00,85.25,-48.0,0.2965100391038029,0.053461695394555815
2012-01-01 00:00:00,85.25,-47.25,0.29822362460929863,0.0614619583245657
2012-01-01 00:00:00,85.25,-46.5,0.29789947949140405,0.06694482674565641
2012-01-01 00:00:00,85.25,-45.75,0.29791633975836707,0.05755081542774461
2012-01-01 00:00:00,85.25,-45.0,0.2882098316667299,0.06760423270187906
2012-01-01 00:00:00,85.25,-44.25,0.29744616347827924,0.06382878456704599
2012-01-01 00:00:00,85.25,-43.5,0.29609715657315455,0.05751067290555354
2012-01-01 00:00:00,85.25,-42.75,0.2932117002809544,0.06254457615786216
2012-01-01 00:00:00,85.25,-42.0,0.2926554385243239,0.05685824255617357
2012-01-01 00:00:00,85.25,-41.25,0.29425618316552327,0.052792601868043534
2012-01-01 00:00:00,85.25,-40.5,0.29136913793220104,0.05475092417346248
2012-01-01 00:00:00,85.25,-39.75,0.28841565397378544,0.06016582884707321
2012-01-01 00:00:00,85.25,-39.0,0.2892841061600522,0.05960021807252727
2012-01-01 00:00:00,85.25,-38.25,0.2913891646741156,0.05026240339533482
2012-01-01 00:00:00,85.25,-37.5,0.28176684008942016,0.05070390265889532
2012-01-01 00:00:00,85.25,-36.75,0.2983355840473554,0.05762663687538492
2012-01-01 00:00:00,85.25,-36.0,0.3017607573566473,0.05197923475915519
2012-01-01 00:00:00,85.25,-35.25,0.2984712493523003,0.05779715622663457
2012-01-01 00:00:00,85.25,-34.5,0.29604385668626154,0.06569590345360679
2012-01-01 00:00:00,85.25,-33.75,0.30155838276371516,0.05513358470936368
2012-01-01 00:00:00,85.25,-33.0,0.2979362429573733,0.049608711247918394
2012-01-01 00:00:00,85.25,-32.25,0.2986036332114902,0.046549853724764986
2012-01-01 00:00:00,85.25,-31.5,0.2955873561039485,0.04943393899282748
2012-01-01 00:00:00,85.25,-30.75,0.29682019694605877,0.05626131794117764
2012-01-01 00:00:00,85.25,-30.0,0.2923912624516821,0.0519422275264146
2012-01-01 00:00:00,85.25,-29.25,0.2953732742436629,0.06262322485466007
2012-01-01 00:00:00,85.25,-28.5,0.2962511492184756,0.06211702128535315
2012-01-01 00:00:00,85.25,-27.75,0.2968553140814623,0.05489789763578266
2012-01-01 00:00:00,85.25,-27.0,0.2987217095457734,0.05555175028647454
2012-01-01 00:00:00,85.25,-26.25,0.29724953985284114,0.05158606628273182
2012-01-01 00:00:00,85.25,-25.5,0.2945192208005156,0.05144098320860252
2012-01-01 00:00:00,85.25,-24.75,0.29463275224902574,0.05270749521543792
2012-01-01 00:00:00,85.25,-24.0,0.2980100353700463,0.05265509370375595
2012-01-01 00:00:00,85.25,-23.25,0.29247581053680816,0.055714725717170836
2012-01-01 00:00:00,85.25,-22.5,0.2932714782693143,0.04620028927831344
2012-01-01 00:00:00,85.25,-21.75,0.29406119805856784,0.05018116378312368
2012-01-01 00:00:00,85.25,-21.0,0.29168768989587646,0.05346811421932148
2012-01-01 00:00:00,85.25,-20.25,0.2903694984451805,0.04510088479413464
2012-01-01 00:00:00,85.25,-19.5,0.28687322849048846,0.051763809462400785
2012-01-01 00:00:00,85.25,-18.75,0.2800693764225023,0.04941641172244888
2012-01-01 00:00:00,85.25,-18.0,0.2778977508985499,0.03839921911910997
2012-01-01 00:00:00,85.25,-17.25,0.24980012031694743,0.043424703510580434
2012-01-01 00:00:00,85.25,-16.5,0.24234196202082017,0.043193008698083485
2012-01-01 00:00:00,85.25,-15.75,0.2455682109011609,0.040770471458150576
2012-01-01 00:00:00,85.25,-15.0,0.2423271807140059,0.03386438478773778
2012-01-01 00:00:00,85.25,-14.25,0.24139174273436348,0.04735738911599073
2012-01-01 00:00:00,85.25,-13.5,0.24155398192787048,0.04634599337860342
2012-01-01 00:00:00,85.25,-12.75,0.2403401728484209,0.03903996079128622
2012-01-01 00:00:00,85.25,-12.0,0.24248895907885562,0.04344613328834575
2012-01-01 00:00:00,85.25,-11.25,0.2638924132097945,0.05009234276795075
2012-01-01 00:00:00,85.25,-10.5,0.2509708191851226,0.04842497422393189
2012-01-01 00:00:00,85.25,-9.75,0.2645399982144798,0.04319271570791199
2012-01-01 00:00:00,85.25,-9.0,0.2555037792314481,0.041194773380756194
2012-01-01 00:00:00,85.25,-8.25,0.25581347533250404,0.04807370899903298
2012-01-01 00:00:00,85.25,-7.5,0.24697100445206835,0.04621681274973551
2012-01-01 00:00:00,85.25,-6.75,0.2596735065435713,0.04799596193960875
2012-01-01 00:00:00,85.25,-6.0,0.24234235319614514,0.047046968277992915
2012-01-01 00:00:00,85.25,-5.25,0.24925507710634562,0.04611394560165531
2012-01-01 00:00:00,85.25,-4.5,0.2553100207285573,0.04879649500287029
2012-01-01 00:00:00,85.25,-3.75,0.2587852522296215,0.04436508145931616
2012-01-01 00:00:00,85.25,-3.0,0.25513508908696775,0.04481251054239541
2012-01-01 00:00:00,85.25,-2.25,0.2469923416021198,0.042913637073499364
2012-01-01 00:00:00,85.25,-1.5,0.24082781966044697,0.04576754581359994
2012-01-01 00:00:00,85.25,-0.75,0.23554114403734308,0.04724114524568132
2012-01-01 00:00:00,85.25,0.0,0.24437665517738075,0.04966496881395474
2012-01-01 00:00:00,85.25,0.75,0.2335870970964282,0.045908950391836616
2012-01-01 00:00:00,85.25,1.5,0.1889516902548944,0.04627387981786835
2012-01-01 00:00:00,85.25,2.25,0.19647116146365623,0.04803649657048541
2012-01-01 00:00:00,85.25,3.0,0.21154026883634852,0.05062625634941984
2012-01-01 00:00:00,85.25,3.75,0.16608653523256706,0.03398911861863254
2012-01-01 00:00:00,85.25,4.5,0.15604049275407553,0.037559753743705994
2012-01-01 00:00:00,85.25,5.25,0.18595840273392342,0.046207785726003946
2012-01-01 00:00:00,85.25,6.0,0.1533970358556769,0.03853908219042976
2012-01-01 00:00:00,85.25,6.75,0.16307319289005145,0.032494822605252965
2012-01-01 00:00:00,85.25,7.5,0.14978416770850053,0.025732590984684337
2012-01-01 00:00:00,85.25,8.25,0.1807148576599351,0.040123782119214045
2012-01-01 00:00:00,85.25,9.0,0.18279090099640072,0.04069521368513043
2012-01-01 00:00:00,85.25,9.75,0.1857071963626822,0.0365478878657524
2012-01-01 00:00:00,85.25,10.5,0.18754865290339906,0.04312374140084272
2012-01-01 00:00:00,85.25,11.25,0.1792968402055119,0.039325954417708496
2012-01-01 00:00:00,85.25,12.0,0.1481455684604396,0.028254308839304194
2012-01-01 00:00:00,85.25,12.75,0.1540133752732596,0.03968006455202305
2012-01-01 00:00:00,85.25,13.5,0.19361009618813893,0.036922964732488406
2012-01-01 00:00:00,85.25,14.25,0.17807828265035575,0.04757578326913347
2012-01-01 00:00:00,85.25,15.0,0.1685380967523893,0.04195626434895395
2012-01-01 00:00:00,85.25,15.75,0.14183968707695976,0.03142818003724777
2012-01-01 00:00:00,85.25,16.5,0.16729820472319207,0.04218656631606796
2012-01-01 00:00:00,85.25,17.25,0.14315377035400087,0.04296421597927213
2012-01-01 00:00:00,85.25,18.0,0.1672563951872974,0.044503022698401964
2012-01-01 00:00:00,85.25,18.75,0.15970998694747773,0.03849032266344057
2012-01-01 00:00:00,85.25,19.5,0.1557590244923987,0.0493355662048944
2012-01-01 00:00:00,85.25,20.25,0.14627400295810603,0.038836559389685894
2012-01-01 00:00:00,85.25,21.0,0.1353156282262144,0.04354134344896616
2012-01-01 00:00:00,85.25,21.75,0.14985325840841301,0.043030978600031244
2012-01-01 00:00:00,85.25,22.5,0.13311437455844172,0.04084397699251301
2012-01-01 00:00:00,85.25,23.25,0.1642536156378388,0.05073311912413888
2012-01-01 00:00:00,85.25,24.0,0.14354452205701485,0.03669245182388419
2012-01-01 00:00:00,85.25,24.75,0.13529827690652968,0.03999036035241128
2012-01-01 00:00:00,85.25,25.5,0.15661075010319284,0.044305625050296706
2012-01-01 00:00:00,85.25,26.25,0.14902684082866308,0.03892553280319965
2012-01-01 00:00:00,85.25,27.0,0.16247654728600772,0.037688657221930724
2012-01-01 00:00:00,85.25,27.75,0.1450374246216538,0.03425709476564425
2012-01-01 00:00:00,85.25,28.5,0.1644704040055876,0.04223731237983372
2012-01-01 00:00:00,85.25,29.25,0.15954528067547666,0.0434726525566885
2012-01-01 00:00:00,85.25,30.0,0.15734163115360716,0.048380014532732094
2012-01-01 00:00:00,85.25,30.75,0.1546044043623277,0.035197559758564076
2012-01-01 00:00:00,85.25,31.5,0.1495015078105107,0.034771916906974926
2012-01-01 00:00:00,85.25,32.25,0.140116808077657,0.03527029408807844
2012-01-01 00:00:00,85.25,33.0,0.1485779851300515,0.04347165994116719
2012-01-01 00:00:00,85.25,33.75,0.14262728158601737,0.04937403961840622
2012-01-01 00:00:00,85.25,34.5,0.13806834500856285,0.03651817381781283
2012-01-01 00:00:00,85.25,35.25,0.14449294180666752,0.04199802322865577
2012-01-01 00:00:00,85.25,36.0,0.1374244425488752,0.03020988135625335
2012-01-01 00:00:00,85.25,36.75,0.1447419085785475,0.047478965844422516
2012-01-01 00:00:00,85.25,37.5,0.13953575633186469,0.04213736622449278
2012-01-01 00:00:00,85.25,38.25,0.1437697568894215,0.041290544931885685
2012-01-01 00:00:00,85.25,39.0,0.14343203739762647,0.04095697947228804
2012-01-01 00:00:00,85.25,39.75,0.13667317200181467,0.03422768656525907
2012-01-01 00:00:00,85.25,40.5,0.14196686083710972,0.03285006974366906
2012-01-01 00:00:00,85.25,41.25,0.13317670644334922,0.0524337644682644
2012-01-01 00:00:00,85.25,42.0,0.11794657234699954,0.048169459986182724
2012-01-01 00:00:00,85.25,42.75,0.12071123927855776,0.04968393834637205
2012-01-01 00:00:00,85.25,43.5,0.11715893493641454,0.05754244265299832
2012-01-01 00:00:00,85.25,44.25,0.11867965869555042,0.049995144662078335
2012-01-01 00:00:00,85.25,45.0,0.12046331335312853,0.05488008175547466
2012-01-01 00:00:00,85.25,45.75,0.12007309519477675,0.049152953095701585
2012-01-01 00:00:00,85.25,46.5,0.11698690648875089,0.059086818033867915
2012-01-01 00:00:00,85.25,47.25,0.11113746029473599,0.038973267557024266
2012-01-01 00:00:00,85.25,48.0,0.11776488028266492,0.04903851907595223
2012-01-01 00:00:00,85.25,48.75,0.11085036754154855,0.039901621884063834
2012-01-01 00:00:00,85.25,49.5,0.11738822953029167,0.056565939998979596
2012-01-01 00:00:00,85.25,50.25,0.11142868887528584,0.03990458410358327
2012-01-01 00:00:00,85.25,51.0,0.11545591343977063,0.052559493848303766
2012-01-01 00:00:00,85.25,51.75,0.11561830419071815,0.05578449602792584
2012-01-01 00:00:00,85.25,52.5,0.11527426511048533,0.052992875776414816
2012-01-01 00:00:00,85.25,53.25,0.11408158247451514,0.0415087361671095
2012-01-01 00:00:00,85.25,54.0,0.11476288407530434,0.04602063446658374
2012-01-01 00:00:00,85.25,54.75,0.1111350065337457,0.04617232679079565
2012-01-01 00:00:00,85.25,55.5,0.11466838215369557,0.046583071517811464
2012-01-01 00:00:00,85.25,56.25,0.11408076233193667,0.05099893215135737
2012-01-01 00:00:00,85.25,57.0,0.11468349303195878,0.05381383462246292
2012-01-01 00:00:00,85.25,57.75,0.11176855152524147,0.04477234541512068
2012-01-01 00:00:00,85.25,58.5,0.11146269671628702,0.05099441712364636
2012-01-01 00:00:00,85.25,59.25,0.1127392927653292,0.0452551106839031
2012-01-01 00:00:00,85.25,60.0,0.11059494265469841,0.044561958217817686
2012-01-01 00:00:00,85.25,60.75,0.11034239205096939,0.0458568193254503
2012-01-01 00:00:00,85.25,61.5,0.1116813542028678,0.04272486715729022
2012-01-01 00:00:00,85.25,62.25,0.11242297310393175,0.040975435967933675
2012-01-01 00:00:00,85.25,63.0,0.11284744835748195,0.044669132561096996
2012-01-01 00:00:00,85.25,63.75,0.11184721251315344,0.04043758352143579
2012-01-01 00:00:00,85.25,64.5,0.11099674794046671,0.043188164528474224
2012-01-01 00:00:00,85.25,65.25,0.11497098207198872,0.04931031955107236
2012-01-01 00:00:00,85.25,66.0,0.11435488510081508,0.04274127169761056
2012-01-01 00:00:00,85.25,66.75,0.11385502748388356,0.04673748791965557
2012-01-01 00:00:00,85.25,67.5,0.1135088857159914,0.04286503041474636
2012-01-01 00:00:00,85.25,68.25,0.11266191924431332,0.0459885432322672
2012-01-01 00:00:00,85.25,69.0,0.11410033659819663,0.04334605920394541
2012-01-01 00:00:00,85.25,69.75,0.11293636444502898,0.04150679680626632
2012-01-01 00:00:00,85.25,70.5,0.11204819533672437,0.0420108702850168
2012-01-01 00:00:00,85.25,71.25,0.11405248725746166,0.031066038707462638
2012-01-01 00:00:00,85.25,72.0,0.11692031711941582,0.04185990682580904
2012-01-01 00:00:00,85.25,72.75,0.11891027901093852,0.03422494714720567
2012-01-01 00:00:00,85.25,73.5,0.1187351263916852,0.04794055827277226
2012-01-01 00:00:00,85.25,74.25,0.12120750519190612,0.04427117206499975
2012-01-01 00:00:00,85.25,75.0,0.12099311894256043,0.03269925288338469
2012-01-01 00:00:00,85.25,75.75,0.12165025518788065,0.04115526542807639
2012-01-01 00:00:00,85.25,76.5,0.12331243275466887,0.04228744906204529
2012-01-01 00:00:00,85.25,77.25,0.12400265353343065,0.03985504540311715
2012-01-01 00:00:00,85.25,78.0,0.12394363719412203,0.030011963237218085
2012-01-01 00:00:00,85.25,78.75,0.1239522234659249,0.03594957099880567
2012-01-01 00:00:00,85.25,79.5,0.12547446388125763,0.035091059066162535
2012-01-01 00:00:00,85.25,80.25,0.1230031969075508,0.031101455820280684
2012-01-01 00:00:00,85.25,81.0,0.1262446999344381,0.038608748618464965
2012-01-01 00:00:00,85.25,81.75,0.12710885275095807,0.03783287258490654
2012-01-01 00:00:00,85.25,82.5,0.13647572085977983,0.04171805559123148
2012-01-01 00:00:00,85.25,83.25,0.14587225196140832,0.03221293346272946
2012-01-01 00:00:00,85.25,84.0,0.15185672520900506,0.02774377500925944
2012-01-01 00:00:00,85.25,84.75,0.16270397303113404,0.030259416842858117
2012-01-01 00:00:00,85.25,85.5,0.16171669996533128,0.03312341844262533
2012-01-01 00:00:00,85.25,86.25,0.16369443622257032,0.03126804692525719
2012-01-01 00:00:00,85.25,87.0,0.16744198097291044,0.033821415265055145
2012-01-01 00:00:00,85.25,87.75,0.16497730575676375,0.02931670181778422
2012-01-01 00:00:00,85.25,88.5,0.1647021557030113,0.030969050723256265
2012-01-01 00:00:00,85.25,89.25,0.16531095738437843,0.03705668106298806
2012-01-01 00:00:00,85.25,90.0,0.1660071205823965,0.03183867211933678
2012-01-01 00:00:00,85.25,90.75,0.16551673529570948,0.027414484858869905
2012-01-01 00:00:00,85.25,91.5,0.16571698199790882,0.03452027920640043
2012-01-01 00:00:00,85.25,92.25,0.16467846109451595,0.033905901334590115
2012-01-01 00:00:00,85.25,93.0,0.1640368627735584,0.03496943985439563
2012-01-01 00:00:00,85.25,93.75,0.16471169463296068,0.027695607867471956
2012-01-01 00:00:00,85.25,94.5,0.16655021287813315,0.036366628123375384
2012-01-01 00:00:00,85.25,95.25,0.16530438765775238,0.03606513135223772
2012-01-01 00:00:00,85.25,96.0,0.16637268558190754,0.03321028744149839
2012-01-01 00:00:00,85.25,96.75,0.16612012545269353,0.029542298227158308
2012-01-01 00:00:00,85.25,97.5,0.16785302034865052,0.03814291280560004
2012-01-01 00:00:00,85.25,98.25,0.16411474198569154,0.02884906216523775
2012-01-01 00:00:00,85.25,99.0,0.16748135240866355,0.03393725559237776
2012-01-01 00:00:00,85.25,99.75,0.16684093891103816,0.03296219211973026
2012-01-01 00:00:00,85.25,100.5,0.17023939764702598,0.031427855739331476
2012-01-01 00:00:00,85.25,101.25,0.17001487378027302,0.03388646211984568
2012-01-01 00:00:00,85.25,102.0,0.16990947742089246,0.031024268043211504
2012-01-01 00:00:00,85.25,102.75,0.16989447443998543,0.03036933911632568
2012-01-01 00:00:00,85.25,103.5,0.1690687277059309,0.031061154056750445
2012-01-01 00:00:00,85.25,104.25,0.17208657652237155,0.032835949421215746
2012-01-01 00:00:00,85.25,105.0,0.17435110229657813,0.03265679501164304
2012-01-01 00:00:00,85.25,105.75,0.17662802430482516,0.028181235748478146
2012-01-01 00:00:00,85.25,106.5,0.18006836661851022,0.0340370671307919
2012-01-01 00:00:00,85.25,107.25,0.1863186130647419,0.031441025312607104
2012-01-01 00:00:00,85.25,108.0,0.18655534849048624,0.025259131140656657
2012-01-01 00:00:00,85.25,108.75,0.1879374077003712,0.027331996813375864
2012-01-01 00:00:00,85.25,109.5,0.18766314532356718,0.02693251420453439
2012-01-01 00:00:00,85.25,110.25,0.18841489783441498,0.022912372384240542
2012-01-01 00:00:00,85.25,111.0,0.18942081672125033,0.024451381534961365
2012-01-01 00:00:00,85.25,111.75,0.1900454737256186,0.034866892362148655
2012-01-01 00:00:00,85.25,112.5,0.19188888359169057,0.024341185298824654
2012-01-01 00:00:00,85.25,113.25,0.19340151341802908,0.02560052944284695
2012-01-01 00:00:00,85.25,114.0,0.19272316815785942,0.025955788016277404
2012-01-01 00:00:00,85.25,114.75,0.19435204022214148,0.024998951773711604
2012-01-01 00:00:00,85.25,115.5,0.19588255070748464,0.03119027606994599
2012-01-01 00:00:00,85.25,116.25,0.1974984458646614,0.03363376552318026
2012-01-01 00:00:00,85.25,117.0,0.1962745691432447,0.02380275894996137
2012-01-01 00:00:00,85.25,117.75,0.19640251095343123,0.02648794383448368
2012-01-01 00:00:00,85.25,118.5,0.1979034255473338,0.03354026498153627
2012-01-01 00:00:00,85.25,119.25,0.1989536729525367,0.029669733209656532
2012-01-01 00:00:00,85.25,120.0,0.1996797102172992,0.0282089791491542
2012-01-01 00:00:00,85.25,120.75,0.20128705972167477,0.022137726848917613
2012-01-01 00:00:00,85.25,121.5,0.20326564289921356,0.02497422322799964
2012-01-01 00:00:00,85.25,122.25,0.20825324094486183,0.028385003358450095
2012-01-01 00:00:00,85.25,123.0,0.20697883172005463,0.029132271350056273
2012-01-01 00:00:00,85.25,123.75,0.20822806585031434,0.03054873539617934
2012-01-01 00:00:00,85.25,124.5,0.21652971121497724,0.02983577002411148
2012-01-01 00:00:00,85.25,125.25,0.21345467058696838,0.03445619284321063
2012-01-01 00:00:00,85.25,126.0,0.2183032704298942,0.02648182816398753
2012-01-01 00:00:00,85.25,126.75,0.22331209947594957,0.028811419722996355
2012-01-01 00:00:00,85.25,127.5,0.22843074368923746,0.030738269132137137
2012-01-01 00:00:00,85.25,128.25,0.23050427093472164,0.032564139650596624
2012-01-01 00:00:00,85.25,129.0,0.2339231580746966,0.029837697934324586
2012-01-01 00:00:00,85.25,129.75,0.23910199583773556,0.03491999071654464
2012-01-01 00:00:00,85.25,130.5,0.2470642459892268,0.03356414454332198
2012-01-01 00:00:00,85.25,131.25,0.24726057057198303,0.03370007037343925
2012-01-01 00:00:00,85.25,132.0,0.251200601064706,0.0376731603323656
2012-01-01 00:00:00,85.25,132.75,0.25510903357121584,0.029427938100011777
2012-01-01 00:00:00,85.25,133.5,0.25411604694441464,0.031418540845249796
2012-01-01 00:00:00,85.25,134.25,0.26140811160431365,0.03142863862856069
2012-01-01 00:00:00,85.25,135.0,0.25983069503918016,0.03262382044028988
2012-01-01 00:00:00,85.25,135.75,0.26068778437536,0.03449884455132063
2012-01-01 00:00:00,85.25,136.5,0.26256253468394436,0.03593923779838507
2012-01-01 00:00:00,85.25,137.25,0.2628828552975591,0.029504722276437245
2012-01-01 00:00:00,85.25,138.0,0.26084119275379297,0.03756666232211233
2012-01-01 00:00:00,85.25,138.75,0.2607283681631394,0.03172903588793664
2012-01-01 00:00:00,85.25,139.5,0.26456584408649386,0.03509175358799837
2012-01-01 00:00:00,85.25,140.25,0.2603005607654788,0.03194783833859099
2012-01-01 00:00:00,85.25,141.0,0.26282415574807805,0.030588002030936822
2012-01-01 00:00:00,85.25,141.75,0.26169261013475464,0.02570478776956793
2012-01-01 00:00:00,85.25,142.5,0.25990748434193717,0.03256020555512385
2012-01-01 00:00:00,85.25,143.25,0.2694683866969821,0.03459860374293622
2012-01-01 00:00:00,85.25,144.0,0.26180838342659984,0.029209667270421773
2012-01-01 00:00:00,85.25,144.75,0.25868885247026535,0.03778588079065746
2012-01-01 00:00:00,85.25,145.5,0.2640119628789558,0.036286002288854306
2012-01-01 00:00:00,85.25,146.25,0.2606142812852731,0.03536719226548188
2012-01-01 00:00:00,85.25,147.0,0.26140633547200864,0.03058564848693568
2012-01-01 00:00:00,85.25,147.75,0.26239211892128855,0.02831698599004966
2012-01-01 00:00:00,85.25,148.5,0.2634659409141765,0.03570815102329434
2012-01-01 00:00:00,85.25,149.25,0.2618576905398336,0.027344407805940513
2012-01-01 00:00:00,85.25,150.0,0.26183862695011706,0.033473831652392635
2012-01-01 00:00:00,85.25,150.75,0.26312069605317556,0.03647838274358821
2012-01-01 00:00:00,85.25,151.5,0.2642033543692216,0.03644984578480151
2012-01-01 00:00:00,85.25,152.25,0.2763846983126514,0.04024903700832388
2012-01-01 00:00:00,85.25,153.0,0.2767123192659016,0.044423949639845965
2012-01-01 00:00:00,85.25,153.75,0.2818687164444346,0.04095653103584055
2012-01-01 00:00:00,85.25,154.5,0.28360583734519534,0.03762715026803048
2012-01-01 00:00:00,85.25,155.25,0.28949100539609995,0.04636912278943909
2012-01-01 00:00:00,85.25,156.0,0.29300862147654433,0.043148151625475015
2012-01-01 00:00:00,85.25,156.75,0.3020470311722394,0.04684654423437155
2012-01-01 00:00:00,85.25,157.5,0.30469577278757776,0.05150197924268937
2012-01-01 00:00:00,85.25,158.25,0.30741076600932915,0.042784289310639365
2012-01-01 00:00:00,85.25,159.0,0.31004563272911856,0.04874245854066095
2012-01-01 00:00:00,85.25,159.75,0.31441351476655593,0.042789926677436745
2012-01-01 00:00:00,85.25,160.5,0.3142456980970699,0.04840071628174107
2012-01-01 00:00:00,85.25,161.25,0.31278017489090254,0.04378338536463585
2012-01-01 00:00:00,85.25,162.0,0.3128194746542897,0.05155534241517076
2012-01-01 00:00:00,85.25,162.75,0.31480633902379945,0.04884235103515664
2012-01-01 00:00:00,85.25,163.5,0.3161357499521983,0.042107532570570844
2012-01-01 00:00:00,85.25,164.25,0.3159357106235147,0.04621444581652741
2012-01-01 00:00:00,85.25,165.0,0.32163763230017106,0.04120767368067301
2012-01-01 00:00:00,85.25,165.75,0.3207530139620782,0.047844125403432546
2012-01-01 00:00:00,85.25,166.5,0.32049767336479806,0.04366791173432739
2012-01-01 00:00:00,85.25,167.25,0.32639801757222575,0.04378994741567734
2012-01-01 00:00:00,85.25,168.0,0.3194682155411434,0.04618757437066982
2012-01-01 00:00:00,85.25,168.75,0.31980857373298627,0.04674105790377962
2012-01-01 00:00:00,85.25,169.5,0.3184168979769253,0.044210017291774754
2012-01-01 00:00:00,85.25,170.25,0.31394794049662605,0.048802012280960566
2012-01-01 00:00:00,85.25,171.0,0.3141981819050423,0.04745951553367903
2012-01-01 00:00:00,85.25,171.75,0.3141310692148947,0.04821089131589876
2012-01-01 00:00:00,85.25,172.5,0.31219039126369447,0.045382735950490395
2012-01-01 00:00:00,85.25,173.25,0.31253793902684207,0.04593422093150039
2012-01-01 00:00:00,85.25,174.0,0.31609449851593013,0.04920204970558485
2012-01-01 00:00:00,85.25,174.75,0.3140062619373062,0.05199329824379155
2012-01-01 00:00:00,85.25,175.5,0.31393639413693486,0.049047490875595276
2012-01-01 00:00:00,85.25,176.25,0.31375986303147024,0.04501296803389231
2012-01-01 00:00:00,85.25,177.0,0.31309139559403476,0.051006499654124154
2012-01-01 00:00:00,85.25,177.75,0.3114168425738861,0.04902185884123747
2012-01-01 00:00:00,85.25,178.5,0.31869567547945105,0.051540679110256636
2012-01-01 00:00:00,85.25,179.25,0.31685295111555545,0.05120739400861058
2012-01-01 00:00:00,85.25,180.0,0.315239271413984,0.04865795934566747
