Latitude,Longitude,Dynamic_Height
70.0,-155.0,0.48834115265392636
70.0,-154.5,0.4806779522812335
70.0,-154.0,0.4913821340101379
70.0,-153.5,0.48687763876907214
70.0,-153.0,0.5066689204399967
70.0,-152.5,0.49015913473962547
70.0,-152.0,0.5121676601059972
70.0,-151.5,0.5373205192622579
70.0,-151.0,0.5149096948219598
70.0,-150.5,0.5998730257609276
70.0,-150.0,0.5666762900356161
70.0,-149.5,0.5540387951305037
70.0,-149.0,0.5688585467446741
70.0,-148.5,0.5704483235705278
70.0,-148.0,0.6137655337781552
70.0,-147.5,0.5872703587179969
70.0,-147.0,0.5864586847681533
70.0,-146.5,0.6160969047177317
70.0,-146.0,0.5855311506142955
70.0,-145.5,0.5792446906428415
70.0,-145.0,0.5854089882618833
70.0,-144.5,0.5952211964571729
70.0,-144.0,0.5951860145367704
70.0,-143.5,0.5724156324707645
70.0,-143.0,0.5591950607863142
70.0,-142.5,0.559538645075829
70.0,-142.0,0.5622667343471851
70.0,-141.5,0.5536664269887905
70.0,-141.0,0.5657181706231358
70.0,-140.5,0.5446916138390963
70.0,-140.0,0.5479066996935341
70.0,-139.5,0.548613088701413
70.0,-139.0,0.5427809126713948
70.0,-138.5,0.5127731095625638
70.0,-138.0,0.5182959233691189
70.0,-137.5,0.5288920841390052
70.0,-137.0,0.5421951489231935
70.0,-136.5,0.5554530449863531
70.0,-136.0,0.5626318182763895
70.0,-135.5,0.605199695454774
70.0,-135.0,0.5774822970728569
70.0,-134.5,0.5837890031241967
70.0,-134.0,0.5911295840459774
70.0,-133.5,0.5815021689316134
70.0,-133.0,0.6319666007844696
70.0,-132.5,0.5826967800827354
70.0,-132.0,0.5747545580682552
70.0,-131.5,0.57473818728562
70.0,-131.0,0.5890065138034504
70.0,-130.5,0.57951784838858
70.0,-130.0,0.5815690043979528
70.0,-129.5,0.5779434485058221
70.0,-129.0,0.5768175264913544
70.0,-128.5,0.5925930223086657
70.0,-128.0,0.5652061025080509
70.0,-127.5,0.5848440851745715
70.0,-127.0,0.5811785916283246
70.0,-126.5,0.5773800931017885
70.0,-126.0,0.579387894576431
70.0,-125.5,0.5760960559548876
70.0,-125.0,0.585132739874616
70.25,-155.0,0.4758433668012718
70.25,-154.5,0.4955266458371057
70.25,-154.0,0.4862071309591378
70.25,-153.5,0.49902324143539956
70.25,-153.0,0.4929535967451025
70.25,-152.5,0.4787482110564287
70.25,-152.0,0.4891204341374854
70.25,-151.5,0.5171961081264528
70.25,-151.0,0.4992364942699057
70.25,-150.5,0.5012539783265803
70.25,-150.0,0.5062192616256875
70.25,-149.5,0.5546139653407687
70.25,-149.0,0.6053583718845303
70.25,-148.5,0.625211790345094
70.25,-148.0,0.6061383995069398
70.25,-147.5,0.5926810046944684
70.25,-147.0,0.5996471760111703
70.25,-146.5,0.593378765743874
70.25,-146.0,0.5935593948558581
70.25,-145.5,0.6424869025012424
70.25,-145.0,0.5973297332523021
70.25,-144.5,0.5490668386533317
70.25,-144.0,0.5919681890789672
70.25,-143.5,0.6046910066726546
70.25,-143.0,0.5901899985998419
70.25,-142.5,0.5903523600420826
70.25,-142.0,0.6194300052486525
70.25,-141.5,0.5795320094333052
70.25,-141.0,0.5712762186196032
70.25,-140.5,0.5594577113610022
70.25,-140.0,0.5600177915989638
70.25,-139.5,0.5326393925614424
70.25,-139.0,0.5368103514494247
70.25,-138.5,0.5358353050080481
70.25,-138.0,0.5247755394527409
70.25,-137.5,0.5200409377036785
70.25,-137.0,0.5327263299268244
70.25,-136.5,0.5172340840584405
70.25,-136.0,0.5254337968827576
70.25,-135.5,0.5904348322124028
70.25,-135.0,0.5582561101172612
70.25,-134.5,0.5548001980940763
70.25,-134.0,0.5799498187298139
70.25,-133.5,0.5727315289215623
70.25,-133.0,0.5911470404153629
70.25,-132.5,0.5736197029925094
70.25,-132.0,0.5865324043626549
70.25,-131.5,0.6408997926868171
70.25,-131.0,0.6406924855458047
70.25,-130.5,0.5726236125285954
70.25,-130.0,0.5749213349701031
70.25,-129.5,0.5777380683992542
70.25,-129.0,0.6073895477459736
70.25,-128.5,0.5798091099002651
70.25,-128.0,0.5882147413851732
70.25,-127.5,0.5684183928449004
70.25,-127.0,0.5943904580244269
70.25,-126.5,0.5606803712381753
70.25,-126.0,0.5764981142239073
70.25,-125.5,0.5770108461367198
70.25,-125.0,0.5854369444018381
70.5,-155.0,0.4751362010022261
70.5,-154.5,0.4919103828688071
70.5,-154.0,0.488351087534424
70.5,-153.5,0.5026453176530552
70.5,-153.0,0.4945753228467985
70.5,-152.5,0.5033464832034912
70.5,-152.0,0.5004675644232254
70.5,-151.5,0.5033329352178663
70.5,-151.0,0.5123889178819044
70.5,-150.5,0.5133492438328056
70.5,-150.0,0.5321172371764791
70.5,-149.5,0.5610771172162462
70.5,-149.0,0.5902067922740688
70.5,-148.5,0.5926217287847567
70.5,-148.0,0.6012063627953386
70.5,-147.5,0.6230627616946445
70.5,-147.0,0.6048863423966767
70.5,-146.5,0.6100835060691182
70.5,-146.0,0.6048439463667546
70.5,-145.5,0.60601411596888
70.5,-145.0,0.6157086524504615
70.5,-144.5,0.6077137312056373
70.5,-144.0,0.6016814860818689
70.5,-143.5,0.6216918502933312
70.5,-143.0,0.6089469946534888
70.5,-142.5,0.6002549848921686
70.5,-142.0,0.5977965470058993
70.5,-141.5,0.5876689493464047
70.5,-141.0,0.5892063718325313
70.5,-140.5,0.5799208504042508
70.5,-140.0,0.5653039237043601
70.5,-139.5,0.5584200790830967
70.5,-139.0,0.5525496752810531
70.5,-138.5,0.5433607890411315
70.5,-138.0,0.5283235731299062
70.5,-137.5,0.5506972352940748
70.5,-137.0,0.5338635320728218
70.5,-136.5,0.5249744452967275
70.5,-136.0,0.5293997265381689
70.5,-135.5,0.5215846767077489
70.5,-135.0,0.5260854943940362
70.5,-134.5,0.5283447698092986
70.5,-134.0,0.5402982265016022
70.5,-133.5,0.5722255394030621
70.5,-133.0,0.5706362170036616
70.5,-132.5,0.5771564265366944
70.5,-132.0,0.6107975629230818
70.5,-131.5,0.566771101519908
70.5,-131.0,0.5766897519713996
70.5,-130.5,0.5830844890409215
70.5,-130.0,0.5840611058685669
70.5,-129.5,0.5915490067045845
70.5,-129.0,0.5606203765544412
70.5,-128.5,0.5898347539730379
70.5,-128.0,0.6274017620250056
70.5,-127.5,0.577398339286817
70.5,-127.0,0.5827124362814794
70.5,-126.5,0.5872046237598153
70.5,-126.0,0.5714703472507162
70.5,-125.5,0.572757240797059
70.5,-125.0,0.5709823048695969
70.75,-155.0,0.4714223699594487
70.75,-154.5,0.5132543085423478
70.75,-154.0,0.49842932400885226
70.75,-153.5,0.4987904549662576
70.75,-153.0,0.48610687029033045
70.75,-152.5,0.4981748748822355
70.75,-152.0,0.5386884707626113
70.75,-151.5,0.5148677652221684
70.75,-151.0,0.5339607684293453
70.75,-150.5,0.544056885358635
70.75,-150.0,0.5722335223317576
70.75,-149.5,0.5905595329490141
70.75,-149.0,0.6255267136628988
70.75,-148.5,0.6396812403064743
70.75,-148.0,0.5389587545747504
70.75,-147.5,0.621121079983399
70.75,-147.0,0.6207255019423318
70.75,-146.5,0.613856756511175
70.75,-146.0,0.6179839864121132
70.75,-145.5,0.625933054703264
70.75,-145.0,0.619305757275491
70.75,-144.5,0.6200905237322113
70.75,-144.0,0.6292196015120988
70.75,-143.5,0.6185051299762377
70.75,-143.0,0.6085447871445269
70.75,-142.5,0.5378393560273864
70.75,-142.0,0.5992659310135683
70.75,-141.5,0.6033483146784769
70.75,-141.0,0.5917334375585208
70.75,-140.5,0.5930545611696901
70.75,-140.0,0.58405574735812
70.75,-139.5,0.5781771757853877
70.75,-139.0,0.5698720775880176
70.75,-138.5,0.5620875380596229
70.75,-138.0,0.5494371518504797
70.75,-137.5,0.5425991823421444
70.75,-137.0,0.5425936964918768
70.75,-136.5,0.5278186829913933
70.75,-136.0,0.543719377003621
70.75,-135.5,0.5343713834288877
70.75,-135.0,0.527490406569587
70.75,-134.5,0.5282077782316105
70.75,-134.0,0.5302835118383615
70.75,-133.5,0.5314249348490169
70.75,-133.0,0.5457447451100816
70.75,-132.5,0.5544485090135467
70.75,-132.0,0.5728450165032957
70.75,-131.5,0.5647951418399726
70.75,-131.0,0.5828081590247363
70.75,-130.5,0.5804730381032918
70.75,-130.0,0.5859414309662554
70.75,-129.5,0.566621194832866
70.75,-129.0,0.5813800864567666
70.75,-128.5,0.5778480086076567
70.75,-128.0,0.5820609692205602
70.75,-127.5,0.5754022873568542
70.75,-127.0,0.5789428864642452
70.75,-126.5,0.5617191224804616
70.75,-126.0,0.559974175590965
70.75,-125.5,0.5665911202470824
70.75,-125.0,0.5801094608934201
71.0,-155.0,0.49351522173844253
71.0,-154.5,0.477568136310098
71.0,-154.0,0.49473571366059993
71.0,-153.5,0.4922018665414809
71.0,-153.0,0.4988812407587732
71.0,-152.5,0.5014436490032761
71.0,-152.0,0.5325221851853996
71.0,-151.5,0.5366129729326535
71.0,-151.0,0.561949908206302
71.0,-150.5,0.577848234323127
71.0,-150.0,0.6030129456956291
71.0,-149.5,0.644290454477801
71.0,-149.0,0.6352053253373314
71.0,-148.5,0.6286391857876004
71.0,-148.0,0.6483747627832397
71.0,-147.5,0.6559207458375624
71.0,-147.0,0.6323631575871064
71.0,-146.5,0.6279603702590137
71.0,-146.0,0.6345744944117826
71.0,-145.5,0.6250344021906762
71.0,-145.0,0.6173779544493104
71.0,-144.5,0.6228502574900208
71.0,-144.0,0.6248191469121387
71.0,-143.5,0.6223066617231591
71.0,-143.0,0.6196807913006402
71.0,-142.5,0.6205635567323182
71.0,-142.0,0.6143112348450146
71.0,-141.5,0.6182012687540334
71.0,-141.0,0.605597034472076
71.0,-140.5,0.6018928918389812
71.0,-140.0,0.5973212464839075
71.0,-139.5,0.5951034759534836
71.0,-139.0,0.5857880131549692
71.0,-138.5,0.5870060110055879
71.0,-138.0,0.5552969954590704
71.0,-137.5,0.5521370672127821
71.0,-137.0,0.5382727675927076
71.0,-136.5,0.5356170314251464
71.0,-136.0,0.5660533367870157
71.0,-135.5,0.5378715169634115
71.0,-135.0,0.5344599469590704
71.0,-134.5,0.5289182517525927
71.0,-134.0,0.5183879054708169
71.0,-133.5,0.52597055318294
71.0,-133.0,0.5281730449613788
71.0,-132.5,0.5375151471664061
71.0,-132.0,0.5553822193055657
71.0,-131.5,0.5927830310222636
71.0,-131.0,0.5730627579205493
71.0,-130.5,0.5809946893758512
71.0,-130.0,0.58243251961813
71.0,-129.5,0.6614471815252628
71.0,-129.0,0.5799749853818192
71.0,-128.5,0.5793387494563316
71.0,-128.0,0.6223882841796734
71.0,-127.5,0.5811370647087805
71.0,-127.0,0.5841080000701854
71.0,-126.5,0.5773001172402418
71.0,-126.0,0.5746635329250526
71.0,-125.5,0.5751647056638699
71.0,-125.0,0.5915641601417198
71.25,-155.0,0.49205739874518606
71.25,-154.5,0.4851139806301378
71.25,-154.0,0.4971460717232448
71.25,-153.5,0.5083261125014256
71.25,-153.0,0.49257577996602303
71.25,-152.5,0.5036081891954386
71.25,-152.0,0.5370602875742857
71.25,-151.5,0.5710237531438145
71.25,-151.0,0.6057532432861731
71.25,-150.5,0.612243512035769
71.25,-150.0,0.5631267000807485
71.25,-149.5,0.6304949639468778
71.25,-149.0,0.6383364318603019
71.25,-148.5,0.6496326539090723
71.25,-148.0,0.649233243539528
71.25,-147.5,0.6662750972885482
71.25,-147.0,0.6564539077420645
71.25,-146.5,0.6372438432596979
71.25,-146.0,0.639200229354423
71.25,-145.5,0.6284040195978619
71.25,-145.0,0.6321522067245177
71.25,-144.5,0.6383039648829218
71.25,-144.0,0.6223660136175595
71.25,-143.5,0.6368859056565095
71.25,-143.0,0.6448489532714113
71.25,-142.5,0.6250361452649034
71.25,-142.0,0.6276766680665139
71.25,-141.5,0.6256163018166221
71.25,-141.0,0.6172903655197861
71.25,-140.5,0.6177958510666147
71.25,-140.0,0.6128690224782989
71.25,-139.5,0.6075882498795576
71.25,-139.0,0.6024397729277584
71.25,-138.5,0.5898631850046835
71.25,-138.0,0.5754135784434915
71.25,-137.5,0.5781703329898131
71.25,-137.0,0.5597594614773841
71.25,-136.5,0.555262186259687
71.25,-136.0,0.5488085153482702
71.25,-135.5,0.5598939500934944
71.25,-135.0,0.5414303795929237
71.25,-134.5,0.5317194499548356
71.25,-134.0,0.5238589278123583
71.25,-133.5,0.5277130941554418
71.25,-133.0,0.5297320748933133
71.25,-132.5,0.536006927615434
71.25,-132.0,0.5381041013322289
71.25,-131.5,0.5449324162280589
71.25,-131.0,0.5565443905469223
71.25,-130.5,0.5616671847544715
71.25,-130.0,0.5746233179382778
71.25,-129.5,0.5811576090295424
71.25,-129.0,0.5559918109579054
71.25,-128.5,0.5834986959861506
71.25,-128.0,0.583119988835033
71.25,-127.5,0.5814570341769255
71.25,-127.0,0.572994666466795
71.25,-126.5,0.5861652625111735
71.25,-126.0,0.683226143829544
71.25,-125.5,0.6279309411345834
71.25,-125.0,0.5664445456955318
71.5,-155.0,0.4885749239696153
71.5,-154.5,0.49466566541761425
71.5,-154.0,0.5138081969317669
71.5,-153.5,0.4880281957099913
71.5,-153.0,0.44084900006869815
71.5,-152.5,0.5688500628523777
71.5,-152.0,0.5659043432991474
71.5,-151.5,0.5963848513318117
71.5,-151.0,0.6135005521653862
71.5,-150.5,0.6430402480435072
71.5,-150.0,0.6471494276100627
71.5,-149.5,0.6501886914082088
71.5,-149.0,0.645709176012404
71.5,-148.5,0.6581779721854724
71.5,-148.0,0.662531535481135
71.5,-147.5,0.6662243582896714
71.5,-147.0,0.6623037524064681
71.5,-146.5,0.6506454358125129
71.5,-146.0,0.6488680990940585
71.5,-145.5,0.6318711396950152
71.5,-145.0,0.6354543754423432
71.5,-144.5,0.6415030324113739
71.5,-144.0,0.6433098577902772
71.5,-143.5,0.6410258815804082
71.5,-143.0,0.641156215918803
71.5,-142.5,0.638376534217576
71.5,-142.0,0.6433345325111091
71.5,-141.5,0.6421692973939951
71.5,-141.0,0.6350717166286806
71.5,-140.5,0.6339215432380038
71.5,-140.0,0.6236471221188162
71.5,-139.5,0.6212864887334391
71.5,-139.0,0.6146725803844318
71.5,-138.5,0.6024872230618412
71.5,-138.0,0.5984110646892508
71.5,-137.5,0.5711787619811453
71.5,-137.0,0.583946908332671
71.5,-136.5,0.580018271057954
71.5,-136.0,0.579457885738094
71.5,-135.5,0.5686952531461197
71.5,-135.0,0.5742458419901936
71.5,-134.5,0.5628552076357785
71.5,-134.0,0.5553511483748128
71.5,-133.5,0.5475610918490335
71.5,-133.0,0.5399128809356332
71.5,-132.5,0.5403128708526812
71.5,-132.0,0.5462784168879513
71.5,-131.5,0.5431567335190712
71.5,-131.0,0.548883279004614
71.5,-130.5,0.5559529557415155
71.5,-130.0,0.5650693468014713
71.5,-129.5,0.5714303739453122
71.5,-129.0,0.5799125184787913
71.5,-128.5,0.5859926947925018
71.5,-128.0,0.576950771637606
71.5,-127.5,0.5850640243312333
71.5,-127.0,0.5748917316918952
71.5,-126.5,0.5747314561769366
71.5,-126.0,0.5932749702192864
71.5,-125.5,0.5815314540697203
71.5,-125.0,0.5795303065075373
71.75,-155.0,0.4712395834862954
71.75,-154.5,0.5125586513021565
71.75,-154.0,0.4895811747289567
71.75,-153.5,0.487734227711284
71.75,-153.0,0.49220493648445524
71.75,-152.5,0.5783835564658356
71.75,-152.0,0.6400573554504867
71.75,-151.5,0.6165051831102826
71.75,-151.0,0.6356981329897298
71.75,-150.5,0.647627720415793
71.75,-150.0,0.6508984968448224
71.75,-149.5,0.6498711295268956
71.75,-149.0,0.662988596194342
71.75,-148.5,0.6661300736200502
71.75,-148.0,0.6641162097288096
71.75,-147.5,0.6665024536324435
71.75,-147.0,0.6750815614270075
71.75,-146.5,0.6604474240663745
71.75,-146.0,0.6796662339260898
71.75,-145.5,0.6533864784136499
71.75,-145.0,0.6710767946059571
71.75,-144.5,0.6654383445626477
71.75,-144.0,0.6526138992237297
71.75,-143.5,0.6501432430043588
71.75,-143.0,0.6482484174803567
71.75,-142.5,0.6487443105171731
71.75,-142.0,0.6551277763536135
71.75,-141.5,0.6514684823642068
71.75,-141.0,0.6512961097663674
71.75,-140.5,0.6473802012302621
71.75,-140.0,0.6444936440430293
71.75,-139.5,0.6403275132717523
71.75,-139.0,0.6296966466298297
71.75,-138.5,0.6236235550391489
71.75,-138.0,0.6140158038665217
71.75,-137.5,0.6065809141723995
71.75,-137.0,0.6033715707199727
71.75,-136.5,0.5986219509195991
71.75,-136.0,0.5931117836636574
71.75,-135.5,0.5803137528784971
71.75,-135.0,0.5814413462093465
71.75,-134.5,0.5724425777100859
71.75,-134.0,0.5658975045669986
71.75,-133.5,0.5600359960386642
71.75,-133.0,0.5557593965281553
71.75,-132.5,0.5540525661373301
71.75,-132.0,0.5594059965962807
71.75,-131.5,0.5499816873181118
71.75,-131.0,0.5635448821771032
71.75,-130.5,0.5685578514958856
71.75,-130.0,0.5617099105368583
71.75,-129.5,0.6044776350982501
71.75,-129.0,0.5676763700329541
71.75,-128.5,0.5796347062682339
71.75,-128.0,0.5593006090066425
71.75,-127.5,0.5780178388478783
71.75,-127.0,0.5854928664766407
71.75,-126.5,0.5816056182752795
71.75,-126.0,0.5757890584605952
71.75,-125.5,0.5725488563637029
71.75,-125.0,0.5588880883795915
72.0,-155.0,0.4747493231420212
72.0,-154.5,0.47137405442021835
72.0,-154.0,0.48107779324364297
72.0,-153.5,0.4944901068322445
72.0,-153.0,0.50672098922287
72.0,-152.5,0.5581096345340361
72.0,-152.0,0.6399035260467463
72.0,-151.5,0.639601281315387
72.0,-151.0,0.6582101748185164
72.0,-150.5,0.6512601428132457
72.0,-150.0,0.6586553859436971
72.0,-149.5,0.6556998422892422
72.0,-149.0,0.6645581154461929
72.0,-148.5,0.6726323555753217
72.0,-148.0,0.6687662767042639
72.0,-147.5,0.6750860317159478
72.0,-147.0,0.6834417851973255
72.0,-146.5,0.6799151494132372
72.0,-146.0,0.6771681202161618
72.0,-145.5,0.6747402892355787
72.0,-145.0,0.6604397318523413
72.0,-144.5,0.6629994482286143
72.0,-144.0,0.6562298929840913
72.0,-143.5,0.6582020352592355
72.0,-143.0,0.6565207883494064
72.0,-142.5,0.6640002108697928
72.0,-142.0,0.6521137383780743
72.0,-141.5,0.6617689087092725
72.0,-141.0,0.6648344394114959
72.0,-140.5,0.6618806327422605
72.0,-140.0,0.6609904985535426
72.0,-139.5,0.6513720893399265
72.0,-139.0,0.6521959075559393
72.0,-138.5,0.6497062933244994
72.0,-138.0,0.6419253835022631
72.0,-137.5,0.6447358010067952
72.0,-137.0,0.631501686292603
72.0,-136.5,0.6371908390538751
72.0,-136.0,0.6222005889123713
72.0,-135.5,0.6195104619024964
72.0,-135.0,0.6103079715169923
72.0,-134.5,0.5986087984869424
72.0,-134.0,0.5897995076398607
72.0,-133.5,0.5915552683832811
72.0,-133.0,0.5847083108569625
72.0,-132.5,0.5831011470981787
72.0,-132.0,0.5787035151118036
72.0,-131.5,0.5726761841794478
72.0,-131.0,0.5718400720138165
72.0,-130.5,0.5603726568738595
72.0,-130.0,0.5606950124762224
72.0,-129.5,0.5670913142387526
72.0,-129.0,0.5697411976868388
72.0,-128.5,0.5752301427493217
72.0,-128.0,0.5779067497278468
72.0,-127.5,0.5669682062549358
72.0,-127.0,0.6317599897725354
72.0,-126.5,0.560811890123283
72.0,-126.0,0.5782064198099643
72.0,-125.5,0.6014508835836754
72.0,-125.0,0.5765215560281852
72.25,-155.0,0.47824789634804143
72.25,-154.5,0.5356573185352386
72.25,-154.0,0.5467275779937019
72.25,-153.5,0.5145609379231005
72.25,-153.0,0.5617668887579197
72.25,-152.5,0.6445825498250098
72.25,-152.0,0.6419866010988031
72.25,-151.5,0.6401118588940993
72.25,-151.0,0.6522527321015348
72.25,-150.5,0.6569070380401808
72.25,-150.0,0.6770432368276607
72.25,-149.5,0.6728077057232416
72.25,-149.0,0.6730172551784597
72.25,-148.5,0.68539963393218
72.25,-148.0,0.6719451259005224
72.25,-147.5,0.6963333685919486
72.25,-147.0,0.6791267394925637
72.25,-146.5,0.7061297766724963
72.25,-146.0,0.6932522948406172
72.25,-145.5,0.6864022388944543
72.25,-145.0,0.690726664623199
72.25,-144.5,0.6703734225445751
72.25,-144.0,0.6688837193848357
72.25,-143.5,0.6735225446946693
72.25,-143.0,0.6675767957094731
72.25,-142.5,0.6897102269828208
72.25,-142.0,0.6660832537452975
72.25,-141.5,0.6749731667276155
72.25,-141.0,0.6679021190548192
72.25,-140.5,0.6696513172465777
72.25,-140.0,0.6740311414600809
72.25,-139.5,0.66676775046028
72.25,-139.0,0.6656298450232139
72.25,-138.5,0.6515618016310438
72.25,-138.0,0.6633828710887748
72.25,-137.5,0.650257122544986
72.25,-137.0,0.6517749382450618
72.25,-136.5,0.6349649278064952
72.25,-136.0,0.6332207652652413
72.25,-135.5,0.6380244195879845
72.25,-135.0,0.595972313988343
72.25,-134.5,0.6086823435491722
72.25,-134.0,0.6079134961917754
72.25,-133.5,0.5962169348162452
72.25,-133.0,0.5960951111052935
72.25,-132.5,0.5911044161970462
72.25,-132.0,0.5874143230868358
72.25,-131.5,0.5900888105876919
72.25,-131.0,0.579426707165211
72.25,-130.5,0.5720718003717303
72.25,-130.0,0.5614666908297903
72.25,-129.5,0.5715095191896794
72.25,-129.0,0.5794328357790645
72.25,-128.5,0.5747492711714378
72.25,-128.0,0.5691838951358991
72.25,-127.5,0.5828499738335128
72.25,-127.0,0.5888561465288922
72.25,-126.5,0.5652973849749472
72.25,-126.0,0.5839086116533889
72.25,-125.5,0.6004219296717699
72.25,-125.0,0.7557207833661769
72.5,-155.0,0.49243789074876104
72.5,-154.5,0.5080053408538777
72.5,-154.0,0.5374498502531008
72.5,-153.5,0.5676265563276198
72.5,-153.0,0.6299778028307268
72.5,-152.5,0.6307198127779436
72.5,-152.0,0.6432348278293734
72.5,-151.5,0.6649570492590071
72.5,-151.0,0.6741818240684535
72.5,-150.5,0.6659311850136687
72.5,-150.0,0.684895102545844
72.5,-149.5,0.6729818094831728
72.5,-149.0,0.6747390268829325
72.5,-148.5,0.6830683206557601
72.5,-148.0,0.6835700980719339
72.5,-147.5,0.6797508105976979
72.5,-147.0,0.7067060478681508
72.5,-146.5,0.6909161392864356
72.5,-146.0,0.6856070441576999
72.5,-145.5,0.6905092346815992
72.5,-145.0,0.6968364193063434
72.5,-144.5,0.6776446838505923
72.5,-144.0,0.6885204382500243
72.5,-143.5,0.6696545455236209
72.5,-143.0,0.6795930690716073
72.5,-142.5,0.6781709989608473
72.5,-142.0,0.6757740275223307
72.5,-141.5,0.6693272213073924
72.5,-141.0,0.6824853578797463
72.5,-140.5,0.67750659624436
72.5,-140.0,0.6820246551648943
72.5,-139.5,0.6649640952510956
72.5,-139.0,0.6776655745079212
72.5,-138.5,0.6748292168261268
72.5,-138.0,0.6676755791527395
72.5,-137.5,0.6701949572215365
72.5,-137.0,0.6506573552086019
72.5,-136.5,0.6434310487839306
72.5,-136.0,0.6421253165497006
72.5,-135.5,0.6243014569356411
72.5,-135.0,0.6195109519425915
72.5,-134.5,0.6164198379068079
72.5,-134.0,0.6078109824781083
72.5,-133.5,0.6022866388376358
72.5,-133.0,0.6026445262335597
72.5,-132.5,0.5970304960688917
72.5,-132.0,0.5959999781102219
72.5,-131.5,0.5900552843716653
72.5,-131.0,0.5822645182892505
72.5,-130.5,0.5788929490656441
72.5,-130.0,0.5600707133955076
72.5,-129.5,0.5728509888313975
72.5,-129.0,0.5809032431107258
72.5,-128.5,0.5881529624925727
72.5,-128.0,0.5796797419051034
72.5,-127.5,0.5978318361798025
72.5,-127.0,0.6003262608204071
72.5,-126.5,0.5926997113601763
72.5,-126.0,0.5831505712034695
72.5,-125.5,0.6340882475721598
72.5,-125.0,0.6527413982496645
72.75,-155.0,0.5614397230464394
72.75,-154.5,0.5777428948526742
72.75,-154.0,0.5947238494343214
72.75,-153.5,0.6193453145907627
72.75,-153.0,0.6295865241538643
72.75,-152.5,0.6283370739531347
72.75,-152.0,0.6352607635246168
72.75,-151.5,0.6486805715141677
72.75,-151.0,0.7023522928793506
72.75,-150.5,0.6699073246499272
72.75,-150.0,0.673073381145354
72.75,-149.5,0.6748470493662799
72.75,-149.0,0.6811878147768231
72.75,-148.5,0.6836140828475126
72.75,-148.0,0.6738182695294495
72.75,-147.5,0.6740432805203849
72.75,-147.0,0.6900052460199237
72.75,-146.5,0.690543369244846
72.75,-146.0,0.7070983300394144
72.75,-145.5,0.6895366711111894
72.75,-145.0,0.6950358777317717
72.75,-144.5,0.6772169699452232
72.75,-144.0,0.6571910416298252
72.75,-143.5,0.6811777260916329
72.75,-143.0,0.6711939583002545
72.75,-142.5,0.6819397420353994
72.75,-142.0,0.6970791299728392
72.75,-141.5,0.6929547912749403
72.75,-141.0,0.679973256993649
72.75,-140.5,0.6860435704588929
72.75,-140.0,0.6831943096821111
72.75,-139.5,0.677451002668333
72.75,-139.0,0.685308406880367
72.75,-138.5,0.6784796692592028
72.75,-138.0,0.6779335516701616
72.75,-137.5,0.6562767315357795
72.75,-137.0,0.6575485804785146
72.75,-136.5,0.6515379469785227
72.75,-136.0,0.6184621078394538
72.75,-135.5,0.6225629687367374
72.75,-135.0,0.6150696811507844
72.75,-134.5,0.6173228827297351
72.75,-134.0,0.6098379413615623
72.75,-133.5,0.6094842942250605
72.75,-133.0,0.601146771855431
72.75,-132.5,0.6087624934426528
72.75,-132.0,0.5991285064609642
72.75,-131.5,0.5967321204376408
72.75,-131.0,0.5922064505337035
72.75,-130.5,0.5776713192805893
72.75,-130.0,0.5672966894024591
72.75,-129.5,0.5879625906060078
72.75,-129.0,0.5997840634632119
72.75,-128.5,0.6006464651228731
72.75,-128.0,0.6033338652216962
72.75,-127.5,0.6181848343294067
72.75,-127.0,0.5958029941370179
72.75,-126.5,0.6068649713604093
72.75,-126.0,0.6147807436068958
72.75,-125.5,0.6160241557651341
72.75,-125.0,0.6122105868812047
73.0,-155.0,0.6009396039211756
73.0,-154.5,0.6321430268443988
73.0,-154.0,0.6178982388971828
73.0,-153.5,0.6288182292161368
73.0,-153.0,0.6455612132315798
73.0,-152.5,0.6608171357390851
73.0,-152.0,0.6644663611244507
73.0,-151.5,0.6521517263675334
73.0,-151.0,0.6937501359616076
73.0,-150.5,0.6825803629844319
73.0,-150.0,0.6808899355875647
73.0,-149.5,0.6760727958033182
73.0,-149.0,0.6752348962848184
73.0,-148.5,0.6820019435738474
73.0,-148.0,0.6744418624018306
73.0,-147.5,0.6847268994186587
73.0,-147.0,0.690810953998847
73.0,-146.5,0.7004713535316511
73.0,-146.0,0.7040016424078624
73.0,-145.5,0.6905129777931577
73.0,-145.0,0.6874271736705375
73.0,-144.5,0.6767005591631097
73.0,-144.0,0.6658852878914321
73.0,-143.5,0.6480553628273455
73.0,-143.0,0.6763955075726407
73.0,-142.5,0.6723170167695159
73.0,-142.0,0.6747953058138191
73.0,-141.5,0.6854706491460169
73.0,-141.0,0.6852150956616079
73.0,-140.5,0.6821980442848778
73.0,-140.0,0.6821989685136888
73.0,-139.5,0.684080359909238
73.0,-139.0,0.6666594788372463
73.0,-138.5,0.637556927845225
73.0,-138.0,0.648346584118171
73.0,-137.5,0.6478414526602628
73.0,-137.0,0.6585730267909334
73.0,-136.5,0.6594128373926433
73.0,-136.0,0.6242991364942093
73.0,-135.5,0.6521637749581363
73.0,-135.0,0.6323598480521486
73.0,-134.5,0.6264971110240085
73.0,-134.0,0.6108067076176625
73.0,-133.5,0.6091428398801166
73.0,-133.0,0.5745537497589072
73.0,-132.5,0.5729897282847616
73.0,-132.0,0.5957957603540166
73.0,-131.5,0.5982807940175159
73.0,-131.0,0.5871244721591654
73.0,-130.5,0.5790434142527761
73.0,-130.0,0.5822824954001116
73.0,-129.5,0.5909921630200325
73.0,-129.0,0.6119979660809856
73.0,-128.5,0.6168208754220661
73.0,-128.0,0.6042917983075291
73.0,-127.5,0.6116155788418463
73.0,-127.0,0.6124674848585399
73.0,-126.5,0.6193235215997792
73.0,-126.0,0.6128998799880694
73.0,-125.5,0.6243196381645
73.0,-125.0,0.6274882859726493
73.25,-155.0,0.6148128479406393
73.25,-154.5,0.6289791393947
73.25,-154.0,0.6220577752151069
73.25,-153.5,0.6765515263877188
73.25,-153.0,0.6813109084722191
73.25,-152.5,0.6595722615428701
73.25,-152.0,0.6558197770279077
73.25,-151.5,0.6620235871151592
73.25,-151.0,0.6620636754844074
73.25,-150.5,0.6858807268686518
73.25,-150.0,0.6858835174516343
73.25,-149.5,0.6844325318953752
73.25,-149.0,0.690919029273106
73.25,-148.5,0.6863012464857488
73.25,-148.0,0.6851755550431374
73.25,-147.5,0.6898891097311423
73.25,-147.0,0.7112047684405959
73.25,-146.5,0.7150898578036391
73.25,-146.0,0.6954730190833337
73.25,-145.5,0.6751192614200363
73.25,-145.0,0.6583539023314211
73.25,-144.5,0.7186877897038625
73.25,-144.0,0.6091241146289826
73.25,-143.5,0.65727246992197
73.25,-143.0,0.6367417040104723
73.25,-142.5,0.6641785698689506
73.25,-142.0,0.6594437685769354
73.25,-141.5,0.6826833789620174
73.25,-141.0,0.6814255301838583
73.25,-140.5,0.6799014538925223
73.25,-140.0,0.6488638123227135
73.25,-139.5,0.6250359247848986
73.25,-139.0,0.6139235563540645
73.25,-138.5,0.5763580886631653
73.25,-138.0,0.6214386463575776
73.25,-137.5,0.6177603323780498
73.25,-137.0,0.5992951256675187
73.25,-136.5,0.5905105445148675
73.25,-136.0,0.5795127641507563
73.25,-135.5,0.6065380734828834
73.25,-135.0,0.5656444370693595
73.25,-134.5,0.6091968172937666
73.25,-134.0,0.6035765327670172
73.25,-133.5,0.6354098294477839
73.25,-133.0,0.5702721623088157
73.25,-132.5,0.6134819215404819
73.25,-132.0,0.5906562766236517
73.25,-131.5,0.6150563595296051
73.25,-131.0,0.6071987075551764
73.25,-130.5,0.6117764254169071
73.25,-130.0,0.5844156301126444
73.25,-129.5,0.608630547100583
73.25,-129.0,0.6116176755657063
73.25,-128.5,0.6064013071047705
73.25,-128.0,0.609329838427969
73.25,-127.5,0.6215282964940226
73.25,-127.0,0.6116073789899438
73.25,-126.5,0.6146442415156043
73.25,-126.0,0.6320217774457897
73.25,-125.5,0.6293715758220925
73.25,-125.0,0.6170633109118077
73.5,-155.0,0.6746097443051057
73.5,-154.5,0.6509932398211118
73.5,-154.0,0.6761387382373605
73.5,-153.5,0.7031767084368166
73.5,-153.0,0.6673371898911578
73.5,-152.5,0.7059387170681019
73.5,-152.0,0.7226264611612075
73.5,-151.5,0.6590914931988123
73.5,-151.0,0.6583537612571836
73.5,-150.5,0.6674841723799024
73.5,-150.0,0.6699955572471126
73.5,-149.5,0.6816597799498562
73.5,-149.0,0.6838149427396818
73.5,-148.5,0.6708420047004743
73.5,-148.0,0.6805915802334276
73.5,-147.5,0.6738591419085905
73.5,-147.0,0.6668750933904702
73.5,-146.5,0.6940594021282142
73.5,-146.0,0.6926368655593682
73.5,-145.5,0.6685816402996693
73.5,-145.0,0.6645237625062494
73.5,-144.5,0.7201766577797666
73.5,-144.0,0.6075996053111781
73.5,-143.5,0.6021761386062426
73.5,-143.0,0.6171889135361908
73.5,-142.5,0.6109791312839212
73.5,-142.0,0.5954851340586557
73.5,-141.5,0.674724289879871
73.5,-141.0,0.5896850228442819
73.5,-140.5,0.5916424080715599
73.5,-140.0,0.5905061745908055
73.5,-139.5,0.6228281947537665
73.5,-139.0,0.6950483345873032
73.5,-138.5,0.5860972979168563
73.5,-138.0,0.65482223863018
73.5,-137.5,0.6285675865782915
73.5,-137.0,0.6218825959140388
73.5,-136.5,0.6056708580387961
73.5,-136.0,0.5762307244877669
73.5,-135.5,0.5699851256691981
73.5,-135.0,0.5701756117690883
73.5,-134.5,0.587258635120151
73.5,-134.0,0.6605655014320184
73.5,-133.5,0.6089045363604625
73.5,-133.0,0.6352671823323923
73.5,-132.5,0.604079942310002
73.5,-132.0,0.6149527201075702
73.5,-131.5,0.6118314846392098
73.5,-131.0,0.6245968543132981
73.5,-130.5,0.6182910582951309
73.5,-130.0,0.619110081771989
73.5,-129.5,0.6225019890359325
73.5,-129.0,0.621794935712313
73.5,-128.5,0.6321149168716765
73.5,-128.0,0.6123272724041755
73.5,-127.5,0.6188587710254981
73.5,-127.0,0.6197523340355038
73.5,-126.5,0.619616234316516
73.5,-126.0,0.6200386507293836
73.5,-125.5,0.6272519735317084
73.5,-125.0,0.6190098679000072
73.75,-155.0,0.7774363843849466
73.75,-154.5,0.7702568639576812
73.75,-154.0,0.71325828962286
73.75,-153.5,0.680189259942788
73.75,-153.0,0.6620503173266622
73.75,-152.5,0.6535758800918222
73.75,-152.0,0.6701351308495636
73.75,-151.5,0.7455334642811641
73.75,-151.0,0.7461379192995284
73.75,-150.5,0.7713073428985657
73.75,-150.0,0.7734997472354586
73.75,-149.5,0.7187986254448331
73.75,-149.0,0.6929466334694386
73.75,-148.5,0.6714675219816043
73.75,-148.0,0.7105106997798061
73.75,-147.5,0.6135259721794801
73.75,-147.0,0.6176762555728603
73.75,-146.5,0.5979022623433069
73.75,-146.0,0.6736294846171561
73.75,-145.5,0.6592043412368273
73.75,-145.0,0.6899588836669047
73.75,-144.5,0.6743753245588694
73.75,-144.0,0.6494198778925286
73.75,-143.5,0.6896684384936452
73.75,-143.0,0.7359531847641051
73.75,-142.5,0.6958055045353788
73.75,-142.0,0.6481311153288628
73.75,-141.5,0.6376349010724772
73.75,-141.0,0.6333219820724276
73.75,-140.5,0.6663494927005695
73.75,-140.0,0.7291526982381765
73.75,-139.5,0.6150957905266449
73.75,-139.0,0.6344401220185539
73.75,-138.5,0.6489904946367945
73.75,-138.0,0.6202803518487247
73.75,-137.5,0.6025032029294021
73.75,-137.0,0.6369864602214643
73.75,-136.5,0.6539438323016646
73.75,-136.0,0.602429272300207
73.75,-135.5,0.6147967733524783
73.75,-135.0,0.6187020440698554
73.75,-134.5,0.6188794845057148
73.75,-134.0,0.628008112179127
73.75,-133.5,0.623893809566733
73.75,-133.0,0.6250476350379404
73.75,-132.5,0.6406939532280083
73.75,-132.0,0.6123860480056136
73.75,-131.5,0.6153410104324358
73.75,-131.0,0.5968799069575028
73.75,-130.5,0.6271221674545691
73.75,-130.0,0.6228220564233505
73.75,-129.5,0.6239302336249948
73.75,-129.0,0.6263113335631368
73.75,-128.5,0.6226248658346638
73.75,-128.0,0.6123058791052831
73.75,-127.5,0.6239175977379257
73.75,-127.0,0.6307311355673603
73.75,-126.5,0.6147414724052293
73.75,-126.0,0.6089360787046101
73.75,-125.5,0.5985421362848894
73.75,-125.0,0.5992079148445117
74.0,-155.0,0.7516199995633903
74.0,-154.5,0.7671570596140316
74.0,-154.0,0.723120188602322
74.0,-153.5,0.689440272047011
74.0,-153.0,0.694102801038881
74.0,-152.5,0.788030209609949
74.0,-152.0,0.8649977453497758
74.0,-151.5,0.779910822913846
74.0,-151.0,0.7364915939381315
74.0,-150.5,0.7218635661619213
74.0,-150.0,0.6990233604797143
74.0,-149.5,0.6437168963902278
74.0,-149.0,0.6341645809118006
74.0,-148.5,0.6692843354388227
74.0,-148.0,0.6911003790577255
74.0,-147.5,0.6314446201792391
74.0,-147.0,0.6075796199288921
74.0,-146.5,0.5518652271291546
74.0,-146.0,0.5691055768090811
74.0,-145.5,0.6823586313789961
74.0,-145.0,0.6885546331625978
74.0,-144.5,0.7957191924975069
74.0,-144.0,0.5994937086884454
74.0,-143.5,0.5778541874201815
74.0,-143.0,0.5826926066595881
74.0,-142.5,0.6273478778927619
74.0,-142.0,0.6089085614833984
74.0,-141.5,0.6224388875048524
74.0,-141.0,0.6550001513227268
74.0,-140.5,0.6845044550916656
74.0,-140.0,0.6813237254878395
74.0,-139.5,0.6192414743107879
74.0,-139.0,0.613929116593615
74.0,-138.5,0.642395670377633
74.0,-138.0,0.603295491386022
74.0,-137.5,0.6631683176798775
74.0,-137.0,0.6413263609202351
74.0,-136.5,0.5821417228427144
74.0,-136.0,0.6044396767525886
74.0,-135.5,0.5862001357678491
74.0,-135.0,0.620564019181002
74.0,-134.5,0.6214410243327049
74.0,-134.0,0.6103576299572456
74.0,-133.5,0.6274654969044157
74.0,-133.0,0.6331606030575363
74.0,-132.5,0.6169936575282771
74.0,-132.0,0.6128470748629502
74.0,-131.5,0.6195691919998535
74.0,-131.0,0.6145838770880979
74.0,-130.5,0.6250544852065358
74.0,-130.0,0.6285674916850877
74.0,-129.5,0.6283467455989571
74.0,-129.0,0.6203169616351235
74.0,-128.5,0.6124956869490606
74.0,-128.0,0.60876311799974
74.0,-127.5,0.6037946870338174
74.0,-127.0,0.6028843151922034
74.0,-126.5,0.5949280404858945
74.0,-126.0,0.5905003294228367
74.0,-125.5,0.5769432562820493
74.0,-125.0,0.5909888745018919
74.25,-155.0,0.6557990407338646
74.25,-154.5,0.7067315987057989
74.25,-154.0,0.757176385635485
74.25,-153.5,0.7517792146416125
74.25,-153.0,0.7404820366491026
74.25,-152.5,0.8429001298991099
74.25,-152.0,0.8599810398503716
74.25,-151.5,0.8357226602496561
74.25,-151.0,0.6310495783077203
74.25,-150.5,0.6398760843981787
74.25,-150.0,0.6410236301364725
74.25,-149.5,0.6179205385308474
74.25,-149.0,0.5811306503286316
74.25,-148.5,0.6425691610527783
74.25,-148.0,0.7237613483930004
74.25,-147.5,0.7135646456458514
74.25,-147.0,0.6634329044979669
74.25,-146.5,0.6277462432167936
74.25,-146.0,0.6385386153843109
74.25,-145.5,0.6390864327520729
74.25,-145.0,0.6113335269905
74.25,-144.5,0.8082800945311068
74.25,-144.0,0.7848422046110404
74.25,-143.5,0.748366931788452
74.25,-143.0,0.7439753400801293
74.25,-142.5,0.7680774631809596
74.25,-142.0,0.75594392634454
74.25,-141.5,1.7751135233575621
74.25,-141.0,2.0925154162963535
74.25,-140.5,2.3378741985126004
74.25,-140.0,0.6373850936584542
74.25,-139.5,0.5886477249536983
74.25,-139.0,0.7051303008747284
74.25,-138.5,0.5733757642322255
74.25,-138.0,0.6307373782066694
74.25,-137.5,0.5781180874628292
74.25,-137.0,0.6447393112106129
74.25,-136.5,0.6723595197865385
74.25,-136.0,0.6410030734853461
74.25,-135.5,0.6290258917576823
74.25,-135.0,0.6018458996312811
74.25,-134.5,0.5858381980873476
74.25,-134.0,0.6506622536034825
74.25,-133.5,0.6150398714811883
74.25,-133.0,0.6368050754789042
74.25,-132.5,0.6313429063844678
74.25,-132.0,0.6382595257003342
74.25,-131.5,0.6214546697478314
74.25,-131.0,0.6132241403732073
74.25,-130.5,0.6094562502215729
74.25,-130.0,0.6055863142318817
74.25,-129.5,0.6011971294935018
74.25,-129.0,0.5919477603969528
74.25,-128.5,0.5899758117063302
74.25,-128.0,0.5895847773566826
74.25,-127.5,0.6010337312393929
74.25,-127.0,0.5921081278013784
74.25,-126.5,0.5899826360912628
74.25,-126.0,0.5896809877416382
74.25,-125.5,0.5905903685550027
74.25,-125.0,0.5897618480280389
74.5,-155.0,0.6966323429618991
74.5,-154.5,0.6950051663015938
74.5,-154.0,0.7349450308909821
74.5,-153.5,0.6906557597836478
74.5,-153.0,0.6460465187085579
74.5,-152.5,0.6990273298359119
74.5,-152.0,0.7303349036337112
74.5,-151.5,0.7509708985680268
74.5,-151.0,0.7587293889861089
74.5,-150.5,0.6673966413558458
74.5,-150.0,0.637626827415607
74.5,-149.5,0.6060863945718716
74.5,-149.0,0.6212054613989149
74.5,-148.5,0.6514025108592376
74.5,-148.0,0.6348459905805335
74.5,-147.5,0.6176909319309677
74.5,-147.0,0.6741684556663122
74.5,-146.5,0.6612583489142256
74.5,-146.0,0.6684569644182212
74.5,-145.5,0.5969928398669359
74.5,-145.0,0.5813908552505885
74.5,-144.5,0.720274758880298
74.5,-144.0,0.867021708140977
74.5,-143.5,0.833848127385734
74.5,-143.0,0.8249792235030838
74.5,-142.5,0.749054589975525
74.5,-142.0,0.7024203654045359
74.5,-141.5,0.7122667647912893
74.5,-141.0,0.7177001880162182
74.5,-140.5,0.6959975878157955
74.5,-140.0,0.7093430097140799
74.5,-139.5,0.5848373139615219
74.5,-139.0,0.6151238778224208
74.5,-138.5,0.5956392287545433
74.5,-138.0,0.5990871226688129
74.5,-137.5,0.606097796645355
74.5,-137.0,0.6150072760235935
74.5,-136.5,0.6872612782343905
74.5,-136.0,0.6326836179001908
74.5,-135.5,0.6122653522194899
74.5,-135.0,0.6580277923149979
74.5,-134.5,0.6154596439782881
74.5,-134.0,0.6259315579508251
74.5,-133.5,0.579363493782044
74.5,-133.0,0.5941878284781867
74.5,-132.5,0.5689598503676652
74.5,-132.0,0.6061112935523474
74.5,-131.5,0.5972410741026993
74.5,-131.0,0.6091287456668447
74.5,-130.5,0.5949395695155211
74.5,-130.0,0.5919399396494105
74.5,-129.5,0.5912980394172956
74.5,-129.0,0.587951608164373
74.5,-128.5,0.5905036484142495
74.5,-128.0,0.5922986317997653
74.5,-127.5,0.5907695327009076
74.5,-127.0,0.5865930832671048
74.5,-126.5,0.5915510277457255
74.5,-126.0,0.5909069708112382
74.5,-125.5,0.5975361332330383
74.5,-125.0,0.5891378861231789
74.75,-155.0,0.16433310800896964
74.75,-154.5,0.30710940403507647
74.75,-154.0,0.5165782037764173
74.75,-153.5,0.639832614181045
74.75,-153.0,0.6499653690369203
74.75,-152.5,0.6760625099561162
74.75,-152.0,0.7038364780239162
74.75,-151.5,0.7601663983661343
74.75,-151.0,0.732870658691535
74.75,-150.5,0.630460240687129
74.75,-150.0,0.6960054390119478
74.75,-149.5,0.7319892877824165
74.75,-149.0,0.7255938845187306
74.75,-148.5,0.6857335431248364
74.75,-148.0,0.6534083649642967
74.75,-147.5,0.6027433384441547
74.75,-147.0,0.6761034666638795
74.75,-146.5,0.7136804017621541
74.75,-146.0,0.6607149504030749
74.75,-145.5,0.6364661972422271
74.75,-145.0,0.5984138350134995
74.75,-144.5,0.614207028558561
74.75,-144.0,0.7296188528988218
74.75,-143.5,0.6555042138267353
74.75,-143.0,0.23256842401633449
74.75,-142.5,0.0868731850623016
74.75,-142.0,0.481991482143497
74.75,-141.5,0.654669831652936
74.75,-141.0,0.6562002936308284
74.75,-140.5,0.7075344204482188
74.75,-140.0,0.7153565717807017
74.75,-139.5,0.7547100219965439
74.75,-139.0,0.7401887603838946
74.75,-138.5,0.724110321230041
74.75,-138.0,0.7116085195647739
74.75,-137.5,0.6720367414502625
74.75,-137.0,0.6496360023892589
74.75,-136.5,0.6471949248851728
74.75,-136.0,0.6685826725547371
74.75,-135.5,0.5904489825601399
74.75,-135.0,0.6156012837448531
74.75,-134.5,0.5838446834146105
74.75,-134.0,0.6484814734647708
74.75,-133.5,0.5780517274377045
74.75,-133.0,0.5866403778774383
74.75,-132.5,0.6550450660373777
74.75,-132.0,0.593051682458835
74.75,-131.5,0.5976610167715949
74.75,-131.0,0.5963715918944352
74.75,-130.5,0.5927736619721271
74.75,-130.0,0.5909125687521204
74.75,-129.5,0.5920336651959772
74.75,-129.0,0.5914098933232991
74.75,-128.5,0.590545759171321
74.75,-128.0,0.5893955088948729
74.75,-127.5,0.5899949060565884
74.75,-127.0,0.5896589101370057
74.75,-126.5,0.590443721547418
74.75,-126.0,0.5904687005820879
74.75,-125.5,0.5919956564728293
74.75,-125.0,0.5784504562556521
75.0,-155.0,0.7398146726566617
75.0,-154.5,0.8798580218703752
75.0,-154.0,0.7612209436070341
75.0,-153.5,0.6376624545062917
75.0,-153.0,0.6561126199685872
75.0,-152.5,0.6623907741242258
75.0,-152.0,0.749926266003693
75.0,-151.5,0.7644134462282892
75.0,-151.0,0.745397072888312
75.0,-150.5,0.717307045528754
75.0,-150.0,0.7328257914340227
75.0,-149.5,0.7223882781922333
75.0,-149.0,0.6966249746035224
75.0,-148.5,0.6920436527508861
75.0,-148.0,0.6881642598821082
75.0,-147.5,0.6496007597532547
75.0,-147.0,0.6545920507779087
75.0,-146.5,0.6484427570881852
75.0,-146.0,0.7389765446265969
75.0,-145.5,0.8389437332456774
75.0,-145.0,0.7107106884747416
75.0,-144.5,0.6380983334839834
75.0,-144.0,0.6430467053180077
75.0,-143.5,0.6464774833632212
75.0,-143.0,0.6306302277468502
75.0,-142.5,0.6394778403177044
75.0,-142.0,0.6495985121784457
75.0,-141.5,0.6632318333368011
75.0,-141.0,0.6865434053201231
75.0,-140.5,0.6199751248652923
75.0,-140.0,0.7119650630275489
75.0,-139.5,0.6913223934914248
75.0,-139.0,0.6653051151688404
75.0,-138.5,0.7141161418610166
75.0,-138.0,0.7142804248119248
75.0,-137.5,0.695824816990693
75.0,-137.0,0.697719657715655
75.0,-136.5,0.7013479787434103
75.0,-136.0,0.5779183825183642
75.0,-135.5,0.6403312633987067
75.0,-135.0,0.6350284974429504
75.0,-134.5,0.6358771129953478
75.0,-134.0,0.5674286392988027
75.0,-133.5,0.6059152524582723
75.0,-133.0,0.601453437867594
75.0,-132.5,0.6432437497523112
75.0,-132.0,0.5882521472924352
75.0,-131.5,0.597663804985539
75.0,-131.0,0.6272918724463449
75.0,-130.5,0.5963805204243922
75.0,-130.0,0.5907996750357694
75.0,-129.5,0.5916232173136133
75.0,-129.0,0.5887137528267022
75.0,-128.5,0.5904694528937923
75.0,-128.0,0.5905691261036501
75.0,-127.5,0.5903681561655033
75.0,-127.0,0.5934074941400452
75.0,-126.5,0.5947228729740598
75.0,-126.0,0.5929121114557252
75.0,-125.5,0.5939783606540868
75.0,-125.0,0.6053928303614602
75.25,-155.0,0.7595159175023802
75.25,-154.5,0.7157503086868113
75.25,-154.0,0.6930511929086677
75.25,-153.5,0.707889517432984
75.25,-153.0,0.6417873829715163
75.25,-152.5,0.6763076407272584
75.25,-152.0,0.6550254873854384
75.25,-151.5,0.702484374199237
75.25,-151.0,0.7465677393468437
75.25,-150.5,0.7429631389626833
75.25,-150.0,0.7309859413565986
75.25,-149.5,0.7052481843817948
75.25,-149.0,0.7112705246816877
75.25,-148.5,0.6745379555642859
75.25,-148.0,0.6683282152269134
75.25,-147.5,0.6668651049272132
75.25,-147.0,0.6556517307882566
75.25,-146.5,0.6621314245137064
75.25,-146.0,0.6713461606276774
75.25,-145.5,0.5348587852584928
75.25,-145.0,0.6291112285076422
75.25,-144.5,0.6310933265292172
75.25,-144.0,0.693237567666242
75.25,-143.5,0.6346995214612243
75.25,-143.0,0.5989052274318108
75.25,-142.5,0.6120289084554587
75.25,-142.0,0.6782969374981012
75.25,-141.5,0.6953947319941216
75.25,-141.0,0.6745991476914904
75.25,-140.5,0.6870636290781681
75.25,-140.0,0.6776793765188381
75.25,-139.5,0.6686591432691739
75.25,-139.0,0.6424094080348637
75.25,-138.5,0.6087122954365964
75.25,-138.0,0.618602761869349
75.25,-137.5,0.6701221159838943
75.25,-137.0,0.686285103109981
75.25,-136.5,0.6227484928690845
75.25,-136.0,0.5786763557409705
75.25,-135.5,0.5746049021770449
75.25,-135.0,0.6203571086788383
75.25,-134.5,0.6482835121129943
75.25,-134.0,0.5812488942431498
75.25,-133.5,0.6243568281701831
75.25,-133.0,0.5984157281993967
75.25,-132.5,0.6298766224521354
75.25,-132.0,0.5859326341196164
75.25,-131.5,0.5904617389164277
75.25,-131.0,0.6333363941566367
75.25,-130.5,0.5934022538432799
75.25,-130.0,0.5897128464321475
75.25,-129.5,0.600308062905874
75.25,-129.0,0.5951373111220946
75.25,-128.5,0.6007070841033357
75.25,-128.0,0.6053574028295503
75.25,-127.5,0.6011996485096139
75.25,-127.0,0.5988481370511124
75.25,-126.5,0.6005403734281111
75.25,-126.0,0.601407507967524
75.25,-125.5,0.6009447161149307
75.25,-125.0,0.6000233067565778
75.5,-155.0,0.7013130642035694
75.5,-154.5,0.6752916033114306
75.5,-154.0,0.6940349345281682
75.5,-153.5,0.7344330624138079
75.5,-153.0,0.71486554063186
75.5,-152.5,0.7153222524639192
75.5,-152.0,0.7217338569557323
75.5,-151.5,0.7503337428403487
75.5,-151.0,0.7561806871416781
75.5,-150.5,0.7289527110905651
75.5,-150.0,0.7001126968873199
75.5,-149.5,0.7209432853374792
75.5,-149.0,0.7010550906227435
75.5,-148.5,0.7205404182717526
75.5,-148.0,0.7189620877894252
75.5,-147.5,0.8061070486415847
75.5,-147.0,0.9062929953395624
75.5,-146.5,0.7115411513558917
75.5,-146.0,0.7057964039908851
75.5,-145.5,0.6654807381727377
75.5,-145.0,0.6847281130027122
75.5,-144.5,0.6489736531981906
75.5,-144.0,0.6586005206878438
75.5,-143.5,0.6409243001168766
75.5,-143.0,0.6495125379115155
75.5,-142.5,0.6532473080506964
75.5,-142.0,0.6734250729975955
75.5,-141.5,0.6559047222937725
75.5,-141.0,0.6520006901725771
75.5,-140.5,0.6510987986490847
75.5,-140.0,0.7264855435066053
75.5,-139.5,0.731759443085056
75.5,-139.0,0.7328065194596377
75.5,-138.5,0.73419596985362
75.5,-138.0,0.7362564096992815
75.5,-137.5,0.7249367872486238
75.5,-137.0,0.6265708651281996
75.5,-136.5,0.6285392375962083
75.5,-136.0,0.6332378943099155
75.5,-135.5,0.6323729623147814
75.5,-135.0,0.627850662707667
75.5,-134.5,0.589067561498423
75.5,-134.0,0.6331461511910539
75.5,-133.5,0.6127181992480439
75.5,-133.0,0.5978847953617721
75.5,-132.5,0.6247335377065834
75.5,-132.0,0.6227028875900591
75.5,-131.5,0.6043635746204112
75.5,-131.0,0.1943300805139837
75.5,-130.5,0.620937872928056
75.5,-130.0,0.6229551612332764
75.5,-129.5,0.6024834187793189
75.5,-129.0,0.6010053969560957
75.5,-128.5,0.6003357100207981
75.5,-128.0,0.6159580450817863
75.5,-127.5,0.599684942945046
75.5,-127.0,0.6020453959741912
75.5,-126.5,0.5977612401335073
75.5,-126.0,0.6013135657112082
75.5,-125.5,0.5995003805567484
75.5,-125.0,0.5996670234605452
75.75,-155.0,0.6560307195314334
75.75,-154.5,0.7661414942478717
75.75,-154.0,0.7497322725190033
75.75,-153.5,0.7451588858429251
75.75,-153.0,0.7443780981918428
75.75,-152.5,0.7656382731512105
75.75,-152.0,0.7681530474885886
75.75,-151.5,0.7563152369764464
75.75,-151.0,0.7590107117880895
75.75,-150.5,0.7031663153304214
75.75,-150.0,0.726824450410698
75.75,-149.5,0.7083677716463599
75.75,-149.0,0.6202942293721507
75.75,-148.5,0.6228336518174182
75.75,-148.0,0.6488383076556348
75.75,-147.5,0.6564682737230632
75.75,-147.0,0.66156509090606
75.75,-146.5,0.6685751692901852
75.75,-146.0,0.6196112420802481
75.75,-145.5,0.6321709163843672
75.75,-145.0,0.641098658168037
75.75,-144.5,0.6583632421213333
75.75,-144.0,0.6759075130624849
75.75,-143.5,0.5459610653071775
75.75,-143.0,0.7074761514670268
75.75,-142.5,0.6540428755195613
75.75,-142.0,0.6486241361892688
75.75,-141.5,0.6502508953811524
75.75,-141.0,0.7020792533434832
75.75,-140.5,0.6556673281253151
75.75,-140.0,0.6775642126137537
75.75,-139.5,0.7286546837364881
75.75,-139.0,0.7218312019317006
75.75,-138.5,0.7275583920506729
75.75,-138.0,0.7246549115996068
75.75,-137.5,0.7183413219374035
75.75,-137.0,0.7199194981339581
75.75,-136.5,0.702805332323557
75.75,-136.0,0.668469417908076
75.75,-135.5,0.6252505432451471
75.75,-135.0,0.6883275315903561
75.75,-134.5,0.6298068131586237
75.75,-134.0,0.6272966748692606
75.75,-133.5,0.6402269917421712
75.75,-133.0,0.6373314205513299
75.75,-132.5,0.5992602325087212
75.75,-132.0,0.5958744054762831
75.75,-131.5,0.608748365204612
75.75,-131.0,0.6230503434591189
75.75,-130.5,0.6013466806746771
75.75,-130.0,0.6019839564637789
75.75,-129.5,0.5949261675188101
75.75,-129.0,0.6029947135701891
75.75,-128.5,0.6054565952062387
75.75,-128.0,0.5997019083159151
75.75,-127.5,0.5991636277850565
75.75,-127.0,0.598214595655654
75.75,-126.5,0.5932473659468787
75.75,-126.0,0.5992060008792772
75.75,-125.5,0.598768372222707
75.75,-125.0,0.5990159913177354
76.0,-155.0,0.6201550367141813
76.0,-154.5,0.7123533731330877
76.0,-154.0,0.7436319596356817
76.0,-153.5,0.769345527097792
76.0,-153.0,0.7658191357971603
76.0,-152.5,0.7651325279753488
76.0,-152.0,0.7431317390632388
76.0,-151.5,0.6873828559853339
76.0,-151.0,0.5792120282517992
76.0,-150.5,0.6914731471569636
76.0,-150.0,0.6884843658691072
76.0,-149.5,0.6844011789456781
76.0,-149.0,0.6926578726741542
76.0,-148.5,0.65090359795549
76.0,-148.0,0.5717298226664508
76.0,-147.5,0.6048235763279448
76.0,-147.0,0.5611241454528585
76.0,-146.5,0.6131690148572694
76.0,-146.0,0.68155519897583
76.0,-145.5,0.6604505599761825
76.0,-145.0,0.7074983137369135
76.0,-144.5,0.649118032566843
76.0,-144.0,0.6494585267207568
76.0,-143.5,0.6933277101323494
76.0,-143.0,0.6817463767312945
76.0,-142.5,0.6504963703357726
76.0,-142.0,0.652864935338702
76.0,-141.5,0.6365408394416885
76.0,-141.0,0.7107910736709824
76.0,-140.5,0.7126014488688112
76.0,-140.0,0.7119660754349688
76.0,-139.5,0.6752082575895823
76.0,-139.0,0.6560979477372976
76.0,-138.5,0.7217932470000284
76.0,-138.0,0.7138345589183185
76.0,-137.5,0.7115182739122429
76.0,-137.0,0.7109307594841354
76.0,-136.5,0.6973912484006604
76.0,-136.0,0.6738307587949507
76.0,-135.5,0.6848449740798512
76.0,-135.0,0.5886821782562556
76.0,-134.5,0.6233800145427466
76.0,-134.0,0.6131421115791666
76.0,-133.5,0.5986101378957576
76.0,-133.0,0.6040074043284096
76.0,-132.5,0.5774586925727071
76.0,-132.0,0.6125718436886766
76.0,-131.5,0.5974788545302429
76.0,-131.0,0.6147466117725995
76.0,-130.5,0.5939959577578413
76.0,-130.0,0.5920814731887145
76.0,-129.5,0.588454443866892
76.0,-129.0,0.5942799533248151
76.0,-128.5,0.5796068088520258
76.0,-128.0,0.5944433461796199
76.0,-127.5,0.5995911341439952
76.0,-127.0,0.6127666560611721
76.0,-126.5,0.5985677747588787
76.0,-126.0,0.6046588995736772
76.0,-125.5,0.5996060629701907
76.0,-125.0,0.6020728930219507
76.25,-155.0,0.7051566864968037
76.25,-154.5,0.694026331601546
76.25,-154.0,0.6732174611916284
76.25,-153.5,0.6503671318821003
76.25,-153.0,0.625153265737207
76.25,-152.5,0.6529946641706442
76.25,-152.0,0.6259764292911895
76.25,-151.5,0.6405566543031265
76.25,-151.0,0.6537386811704482
76.25,-150.5,0.6941065235671634
76.25,-150.0,0.6613207955917626
76.25,-149.5,0.6460903039046321
76.25,-149.0,0.6351590444020323
76.25,-148.5,0.6922868724009286
76.25,-148.0,0.6849749997868301
76.25,-147.5,0.6218760517334073
76.25,-147.0,0.6332222956206199
76.25,-146.5,0.6419631538786618
76.25,-146.0,0.582683648121732
76.25,-145.5,0.6152484012365713
76.25,-145.0,0.6522036272698126
76.25,-144.5,7.806086952376761
76.25,-144.0,11.10140401231631
76.25,-143.5,6.750990035979354
76.25,-143.0,0.6757011638590564
76.25,-142.5,0.6355759294656671
76.25,-142.0,0.6458999142377121
76.25,-141.5,0.6845015433927623
76.25,-141.0,0.6439360393800772
76.25,-140.5,0.6747522760779566
76.25,-140.0,0.6652931007272117
76.25,-139.5,0.637234327045559
76.25,-139.0,0.608102056149348
76.25,-138.5,0.705185168592724
76.25,-138.0,0.7040414205215513
76.25,-137.5,0.7095611616836432
76.25,-137.0,0.6990181486035044
76.25,-136.5,0.6863443632423639
76.25,-136.0,0.6718552178852479
76.25,-135.5,0.6539132767015299
76.25,-135.0,0.6485936301904478
76.25,-134.5,0.6306746919762802
76.25,-134.0,0.5705093768604282
76.25,-133.5,0.7661141046008108
76.25,-133.0,0.6026549510908215
76.25,-132.5,0.5756586505018738
76.25,-132.0,0.6048139464446003
76.25,-131.5,0.6124087309747802
76.25,-131.0,0.5902484158393142
76.25,-130.5,0.6169761257990029
76.25,-130.0,0.5837362058843344
76.25,-129.5,0.58752990199798
76.25,-129.0,0.6152608656383222
76.25,-128.5,0.6037411491256458
76.25,-128.0,0.6069267089227675
76.25,-127.5,0.5995925947777621
76.25,-127.0,0.6015908583634187
76.25,-126.5,0.6058071690844974
76.25,-126.0,0.6091960800822992
76.25,-125.5,0.6030067741487766
76.25,-125.0,0.6053729431052692
76.5,-155.0,0.7362664467836407
76.5,-154.5,0.7347747003971521
76.5,-154.0,0.6914647493470277
76.5,-153.5,0.6463504604024466
76.5,-153.0,0.6402625175533422
76.5,-152.5,0.8853735799338629
76.5,-152.0,0.6355809941222554
76.5,-151.5,0.6418032221923564
76.5,-151.0,0.6330506711130649
76.5,-150.5,0.4422768560333316
76.5,-150.0,0.6858764503712665
76.5,-149.5,0.6970028330376759
76.5,-149.0,0.720980049885658
76.5,-148.5,0.9358355784069456
76.5,-148.0,0.8191248174378919
76.5,-147.5,0.6342041558480295
76.5,-147.0,0.6858753918147716
76.5,-146.5,0.674310426280662
76.5,-146.0,0.6692013731741132
76.5,-145.5,0.6505661041397583
76.5,-145.0,0.7037583549255586
76.5,-144.5,0.6793083463248513
76.5,-144.0,0.6518711957099332
76.5,-143.5,0.652262902640903
76.5,-143.0,0.608082672932497
76.5,-142.5,0.6592833308490993
76.5,-142.0,0.6725966091829615
76.5,-141.5,0.6922856629105805
76.5,-141.0,0.6570404146638271
76.5,-140.5,0.6613184686986203
76.5,-140.0,0.6992258785547889
76.5,-139.5,0.6720982985660869
76.5,-139.0,0.6746280835067175
76.5,-138.5,0.7067171937067924
76.5,-138.0,0.7125624648542647
76.5,-137.5,0.7085229407024778
76.5,-137.0,0.6962776807290917
76.5,-136.5,0.6690910756099915
76.5,-136.0,0.6761914464059394
76.5,-135.5,0.6762218598741991
76.5,-135.0,0.644052923731831
76.5,-134.5,0.6443483712816266
76.5,-134.0,0.6132479208608442
76.5,-133.5,0.5677356975501154
76.5,-133.0,0.5751016586135824
76.5,-132.5,0.5806834715434774
76.5,-132.0,0.5967615653493522
76.5,-131.5,0.6170545342605905
76.5,-131.0,0.6004019744060632
76.5,-130.5,0.6018403939014962
76.5,-130.0,0.6038891369281849
76.5,-129.5,0.606381305184838
76.5,-129.0,0.5739139143032318
76.5,-128.5,0.6052929262855133
76.5,-128.0,0.6082853926209565
76.5,-127.5,0.6020299884604725
76.5,-127.0,0.6116489922815471
76.5,-126.5,0.6088345166284422
76.5,-126.0,0.6076568696805043
76.5,-125.5,0.6127275509421716
76.5,-125.0,0.61413859472865
76.75,-155.0,0.6695056897703422
76.75,-154.5,0.5751951013302112
76.75,-154.0,0.6450908884632078
76.75,-153.5,0.6280507778290724
76.75,-153.0,0.639869215183399
76.75,-152.5,0.7270770111215531
76.75,-152.0,0.7050751486060088
76.75,-151.5,0.63347525410638
76.75,-151.0,0.6229342561863309
76.75,-150.5,0.6367474332703178
76.75,-150.0,0.6667619604362035
76.75,-149.5,0.7320276182604447
76.75,-149.0,0.6898460600476458
76.75,-148.5,0.6543377806085494
76.75,-148.0,0.6673427492746916
76.75,-147.5,0.6722553616557079
76.75,-147.0,0.6216687224967549
76.75,-146.5,0.6990451282360564
76.75,-146.0,0.7238160382404943
76.75,-145.5,0.733115964400974
76.75,-145.0,0.6995198286097434
76.75,-144.5,0.6856258317506894
76.75,-144.0,0.7059556877562145
76.75,-143.5,0.6362329108183797
76.75,-143.0,0.5732670123048864
76.75,-142.5,0.6760150068637879
76.75,-142.0,0.6839033250428794
76.75,-141.5,0.6670921302634738
76.75,-141.0,0.7020940634114482
76.75,-140.5,0.6695153624518206
76.75,-140.0,0.6861993160512692
76.75,-139.5,0.6777050179234432
76.75,-139.0,0.6349183391671596
76.75,-138.5,0.5767161165385442
76.75,-138.0,0.684965509828798
76.75,-137.5,0.6958614863095541
76.75,-137.0,0.675975082195824
76.75,-136.5,0.6528077682503257
76.75,-136.0,0.6722361829535131
76.75,-135.5,0.6771779246600158
76.75,-135.0,0.6573808072860117
76.75,-134.5,0.6597799589814768
76.75,-134.0,0.6298521945309761
76.75,-133.5,0.6377464972269029
76.75,-133.0,0.6278619164565663
76.75,-132.5,0.6025168239491949
76.75,-132.0,0.6354945970017012
76.75,-131.5,0.6353902181238184
76.75,-131.0,0.635278719382555
76.75,-130.5,0.6385453285699728
76.75,-130.0,0.6325161040895025
76.75,-129.5,0.616161136228925
76.75,-129.0,0.616513544803045
76.75,-128.5,0.6090729828368951
76.75,-128.0,0.6189272084335421
76.75,-127.5,0.6060732163906831
76.75,-127.0,0.6126459700259137
76.75,-126.5,0.6183431123478506
76.75,-126.0,0.6186536307355522
76.75,-125.5,0.6144660589681549
76.75,-125.0,0.6187384258289005
77.0,-155.0,0.5702037038779617
77.0,-154.5,0.5720728984507003
77.0,-154.0,0.5944298602291734
77.0,-153.5,0.6195261177061756
77.0,-153.0,0.6268355329728112
77.0,-152.5,0.6390947900913857
77.0,-152.0,0.7281011273417423
77.0,-151.5,0.7087202196913588
77.0,-151.0,0.6997874869905025
77.0,-150.5,0.681715389362991
77.0,-150.0,0.6983435467916005
77.0,-149.5,0.6887759856437058
77.0,-149.0,0.6896981921138583
77.0,-148.5,0.6982006130831098
77.0,-148.0,0.6942505952098543
77.0,-147.5,0.6940121161295131
77.0,-147.0,0.6980633394108515
77.0,-146.5,0.7076860070127793
77.0,-146.0,0.7112048714366853
77.0,-145.5,0.702628761152842
77.0,-145.0,0.7051787911334793
77.0,-144.5,0.7200605394458355
77.0,-144.0,0.6867969458744098
77.0,-143.5,0.6862243517203148
77.0,-143.0,0.6871113482517419
77.0,-142.5,0.6666929544881538
77.0,-142.0,0.6828715939527289
77.0,-141.5,0.6846754576820502
77.0,-141.0,0.669560476884179
77.0,-140.5,0.6743523692880536
77.0,-140.0,0.6888815515274027
77.0,-139.5,0.6868430385297122
77.0,-139.0,0.6915634172224869
77.0,-138.5,0.6878178589497885
77.0,-138.0,0.6838729571593837
77.0,-137.5,0.681914400573183
77.0,-137.0,0.683050092269967
77.0,-136.5,0.6822067881633288
77.0,-136.0,0.6696545594600027
77.0,-135.5,0.6717292515629665
77.0,-135.0,0.6140847198633643
77.0,-134.5,0.646446769634826
77.0,-134.0,0.6037368496208568
77.0,-133.5,0.6202723746566373
77.0,-133.0,0.5918165496089306
77.0,-132.5,0.626791725031288
77.0,-132.0,0.6008515528482439
77.0,-131.5,0.5846129131518398
77.0,-131.0,0.6004157181930183
77.0,-130.5,0.6033344232285773
77.0,-130.0,0.5819403294054426
77.0,-129.5,0.5930067471676618
77.0,-129.0,0.5869425898228836
77.0,-128.5,0.6216740678121603
77.0,-128.0,0.6334934455995858
77.0,-127.5,0.620169642732501
77.0,-127.0,0.610782160788473
77.0,-126.5,0.6155687022282058
77.0,-126.0,0.6214363116682815
77.0,-125.5,0.6190285084231023
77.0,-125.0,0.6137109482211546
77.25,-155.0,0.5959071456199846
77.25,-154.5,0.5963230555715228
77.25,-154.0,0.6051736651468194
77.25,-153.5,0.5889217133074677
77.25,-153.0,0.6221584311839506
77.25,-152.5,0.6476181713061335
77.25,-152.0,0.6417139996588878
77.25,-151.5,0.6959554355412058
77.25,-151.0,0.7066053691319744
77.25,-150.5,0.6632479931063215
77.25,-150.0,0.6755786063735515
77.25,-149.5,0.6954729964513184
77.25,-149.0,0.7011957308433574
77.25,-148.5,0.7051122795799051
77.25,-148.0,0.6907028329380549
77.25,-147.5,0.6888594007960219
77.25,-147.0,0.6937570237609959
77.25,-146.5,0.6900187554831606
77.25,-146.0,0.6819814812131818
77.25,-145.5,0.6855361223134592
77.25,-145.0,0.6818445127412585
77.25,-144.5,0.671924604514573
77.25,-144.0,0.669789141552229
77.25,-143.5,0.6742728858333388
77.25,-143.0,0.6653839132615774
77.25,-142.5,0.6695054391535431
77.25,-142.0,0.6750681517527537
77.25,-141.5,0.6527484629649789
77.25,-141.0,0.6276874879443821
77.25,-140.5,0.6472337470573306
77.25,-140.0,0.6771041497533148
77.25,-139.5,0.6885424741549256
77.25,-139.0,0.6862713911477997
77.25,-138.5,0.6518704175383153
77.25,-138.0,0.675981499315724
77.25,-137.5,0.6802287133431936
77.25,-137.0,0.6764365792696388
77.25,-136.5,0.6720343449060797
77.25,-136.0,0.6476700486948663
77.25,-135.5,0.5862506228849939
77.25,-135.0,0.6488329934904502
77.25,-134.5,0.6066811261828805
77.25,-134.0,0.6218501826666379
77.25,-133.5,0.5836570062803492
77.25,-133.0,0.4615541845845461
77.25,-132.5,0.6303845088084155
77.25,-132.0,0.5958938602657575
77.25,-131.5,0.6193760666141092
77.25,-131.0,0.6565387848578674
77.25,-130.5,0.5902342673419785
77.25,-130.0,0.5731746047855539
77.25,-129.5,0.6187374358309483
77.25,-129.0,0.6214780201149573
77.25,-128.5,0.5940075056889285
77.25,-128.0,0.623325543353906
77.25,-127.5,0.5943622585831746
77.25,-127.0,0.6357747447127908
77.25,-126.5,0.545224743046199
77.25,-126.0,0.6048217314370969
77.25,-125.5,0.61424970661224
77.25,-125.0,0.6181015809907698
77.5,-155.0,0.6099721741891886
77.5,-154.5,0.5996324206488255
77.5,-154.0,0.5961021815214169
77.5,-153.5,0.604599356929539
77.5,-153.0,0.6214893281136253
77.5,-152.5,0.6154722663633664
77.5,-152.0,0.6665489511550465
77.5,-151.5,0.6606439802405836
77.5,-151.0,0.7045439367398789
77.5,-150.5,0.6668041051994993
77.5,-150.0,0.6969137138566356
77.5,-149.5,0.692273632190415
77.5,-149.0,0.6823540834096157
77.5,-148.5,0.698881018943444
77.5,-148.0,0.6887425099140294
77.5,-147.5,0.6776814535063181
77.5,-147.0,0.6770880945200604
77.5,-146.5,0.6726272557301618
77.5,-146.0,0.7054841385605811
77.5,-145.5,0.64809563752202
77.5,-145.0,0.5779221891018732
77.5,-144.5,0.6550591711916284
77.5,-144.0,0.6571656136946437
77.5,-143.5,0.6548678836520987
77.5,-143.0,0.6586104544656227
77.5,-142.5,0.6647582960839523
77.5,-142.0,0.6645760021843624
77.5,-141.5,0.6630396801587907
77.5,-141.0,0.6654429147671859
77.5,-140.5,0.6536805876929952
77.5,-140.0,0.6510492171496796
77.5,-139.5,0.6650019984782812
77.5,-139.0,0.6269798788729093
77.5,-138.5,0.6689296822247351
77.5,-138.0,0.6638818630826924
77.5,-137.5,0.6595293620696587
77.5,-137.0,0.6534575460770343
77.5,-136.5,0.5255549172382012
77.5,-136.0,0.3916935480929361
77.5,-135.5,0.501768305445354
77.5,-135.0,0.569178667090818
77.5,-134.5,0.6343306786745457
77.5,-134.0,0.6686656471067317
77.5,-133.5,0.6884392986427841
77.5,-133.0,0.6202884702259268
77.5,-132.5,0.5606062739215988
77.5,-132.0,0.5942781340425566
77.5,-131.5,0.6193357823590796
77.5,-131.0,0.6258204259320425
77.5,-130.5,0.619085615461526
77.5,-130.0,0.6213982196049191
77.5,-129.5,0.611251570104371
77.5,-129.0,0.6193334301184822
77.5,-128.5,0.6223066311401181
77.5,-128.0,0.5889315992281277
77.5,-127.5,0.6103656401670152
77.5,-127.0,0.6038105953177108
77.5,-126.5,0.6026280888667829
77.5,-126.0,0.5888138494509514
77.5,-125.5,0.5959024253178921
77.5,-125.0,0.5893299778903098
77.75,-155.0,0.6191352266430513
77.75,-154.5,0.6104296193062145
77.75,-154.0,0.6005116139897181
77.75,-153.5,0.619860157459785
77.75,-153.0,0.8719691764839732
77.75,-152.5,0.6516596623824453
77.75,-152.0,0.6509983871742929
77.75,-151.5,0.6657622773991978
77.75,-151.0,0.6825214569779201
77.75,-150.5,0.6793836436258464
77.75,-150.0,0.7212852137669663
77.75,-149.5,0.6806386408855961
77.75,-149.0,0.6601133003706567
77.75,-148.5,0.6754368112334604
77.75,-148.0,0.6619554110295577
77.75,-147.5,0.6793994700423006
77.75,-147.0,0.7017382213802655
77.75,-146.5,0.6880351963716921
77.75,-146.0,0.6259761977189484
77.75,-145.5,0.6406139766045774
77.75,-145.0,0.598482943849683
77.75,-144.5,0.5180234969881885
77.75,-144.0,0.7006002029160944
77.75,-143.5,0.6548139559263099
77.75,-143.0,0.6517381026424178
77.75,-142.5,0.6575751485541722
77.75,-142.0,0.6801160856034589
77.75,-141.5,0.6481463357038424
77.75,-141.0,0.6469307395211725
77.75,-140.5,0.5752639976911735
77.75,-140.0,0.5794538464768658
77.75,-139.5,0.5646305337811949
77.75,-139.0,0.6199205104757383
77.75,-138.5,0.6275430664018827
77.75,-138.0,0.6009003692625666
77.75,-137.5,0.6366790426411981
77.75,-137.0,0.6336794765578506
77.75,-136.5,0.5758181027892217
77.75,-136.0,0.49251111546386933
77.75,-135.5,0.5373190058391246
77.75,-135.0,0.531384618566689
77.75,-134.5,0.6153155720512479
77.75,-134.0,0.6314768750150073
77.75,-133.5,0.5381708295198273
77.75,-133.0,0.6421767747891431
77.75,-132.5,0.6558805143571681
77.75,-132.0,0.6297183802529555
77.75,-131.5,0.616251875619034
77.75,-131.0,0.6277425135298902
77.75,-130.5,0.6141301579667685
77.75,-130.0,0.5859249564566233
77.75,-129.5,0.5794257398923417
77.75,-129.0,0.5869145262240699
77.75,-128.5,0.5823856061267962
77.75,-128.0,0.5691962881677852
77.75,-127.5,0.572078621711354
77.75,-127.0,0.5524306621825996
77.75,-126.5,0.5510007469970011
77.75,-126.0,0.5450894041181069
77.75,-125.5,0.5568418217352937
77.75,-125.0,0.5465549744754279
78.0,-155.0,0.6273554602490617
78.0,-154.5,0.6245849634785076
78.0,-154.0,0.6307262158092651
78.0,-153.5,0.6339317601205124
78.0,-153.0,0.655526927758494
78.0,-152.5,0.6622233129934979
78.0,-152.0,0.6636220120517348
78.0,-151.5,0.6631749671996765
78.0,-151.0,0.6699834847801629
78.0,-150.5,0.6630197901584066
78.0,-150.0,0.6558994594379264
78.0,-149.5,0.6555380005137648
78.0,-149.0,0.6506525689813012
78.0,-148.5,0.6583483726893259
78.0,-148.0,0.6281868808351007
78.0,-147.5,0.6899201020028015
78.0,-147.0,0.7325769048030172
78.0,-146.5,0.693670091306375
78.0,-146.0,0.583349588734148
78.0,-145.5,0.5582911718621768
78.0,-145.0,0.530678281696649
78.0,-144.5,0.7008527583742781
78.0,-144.0,0.6335094840844028
78.0,-143.5,0.5979325357450904
78.0,-143.0,0.5865350519097478
78.0,-142.5,0.5514229203293185
78.0,-142.0,0.5205764242356189
78.0,-141.5,0.5190646980590886
78.0,-141.0,0.5656779480818522
78.0,-140.5,0.5663745194850626
78.0,-140.0,0.502653207202128
78.0,-139.5,0.5243279733616023
78.0,-139.0,0.5333741975088775
78.0,-138.5,0.5092574579562973
78.0,-138.0,0.5814528950971127
78.0,-137.5,0.6229143029643663
78.0,-137.0,0.5959782068213488
78.0,-136.5,0.5531671614043974
78.0,-136.0,0.5751772265918331
78.0,-135.5,0.5909930792380675
78.0,-135.0,0.5339835438700783
78.0,-134.5,0.6325790133136525
78.0,-134.0,0.6156890401057247
78.0,-133.5,0.6058309058366997
78.0,-133.0,0.5360246854231876
78.0,-132.5,0.5058460070146742
78.0,-132.0,0.5551255672877893
78.0,-131.5,0.461600407653853
78.0,-131.0,0.4707606705843583
78.0,-130.5,0.4856544592966887
78.0,-130.0,0.4380593732425201
78.0,-129.5,0.498382245227152
78.0,-129.0,0.4805207711331625
78.0,-128.5,0.5227426010350485
78.0,-128.0,0.4918822614464873
78.0,-127.5,0.5032012495905602
78.0,-127.0,0.5766776049400627
78.0,-126.5,0.49696809212268106
78.0,-126.0,0.5023484601315688
78.0,-125.5,0.5185028173121856
78.0,-125.0,0.5075396863599704
78.25,-155.0,0.6554416804664484
78.25,-154.5,0.6380471019469334
78.25,-154.0,0.6504620968273706
78.25,-153.5,0.6548782992917519
78.25,-153.0,0.637910063176045
78.25,-152.5,0.6560507158573238
78.25,-152.0,0.6632899594999626
78.25,-151.5,0.6336465124789289
78.25,-151.0,0.631659428165988
78.25,-150.5,0.6636751571778073
78.25,-150.0,0.6526354527414129
78.25,-149.5,0.6675821779178398
78.25,-149.0,0.6649754579854404
78.25,-148.5,0.6565341175490238
78.25,-148.0,0.6520728188787298
78.25,-147.5,0.6432259683943943
78.25,-147.0,0.6067983726203343
78.25,-146.5,0.7342453584038773
78.25,-146.0,0.6007190331306747
78.25,-145.5,0.6253267303007635
78.25,-145.0,0.6371401984327368
78.25,-144.5,0.6160299697546717
78.25,-144.0,0.6528448643566278
78.25,-143.5,0.6250217370180137
78.25,-143.0,0.6217078622338937
78.25,-142.5,0.58178742988172
78.25,-142.0,0.6038192246504265
78.25,-141.5,0.5810983458307937
78.25,-141.0,0.5294984468388367
78.25,-140.5,0.4801570964391516
78.25,-140.0,0.46196178620408773
78.25,-139.5,0.4129143273431385
78.25,-139.0,0.5348517684538874
78.25,-138.5,0.5330930427484242
78.25,-138.0,0.6087944801600211
78.25,-137.5,0.608081509862337
78.25,-137.0,0.6093242777793388
78.25,-136.5,0.5950078745429238
78.25,-136.0,0.5654766153397826
78.25,-135.5,0.5939333406993603
78.25,-135.0,0.5766795583998772
78.25,-134.5,0.5049137518268738
78.25,-134.0,0.5182287554872832
78.25,-133.5,0.5243593070446214
78.25,-133.0,0.42382189728824393
78.25,-132.5,0.5363079560470577
78.25,-132.0,0.46278541820370916
78.25,-131.5,0.4786912880360381
78.25,-131.0,0.5060712221142744
78.25,-130.5,0.4918938387152916
78.25,-130.0,0.4614714995795646
78.25,-129.5,0.46522789123921465
78.25,-129.0,0.49272054978776575
78.25,-128.5,0.5033051240938728
78.25,-128.0,0.513306249043174
78.25,-127.5,0.4926124553090976
78.25,-127.0,0.48508315395853807
78.25,-126.5,0.49361761788156927
78.25,-126.0,0.5480929687753968
78.25,-125.5,0.5148713473836062
78.25,-125.0,0.5237872395800734
78.5,-155.0,0.6437640627129309
78.5,-154.5,0.6584049072967285
78.5,-154.0,0.6413594291321145
78.5,-153.5,0.6404254869519437
78.5,-153.0,0.6343052081422851
78.5,-152.5,0.6488541806110125
78.5,-152.0,0.6210324262355894
78.5,-151.5,0.6471324823080535
78.5,-151.0,0.6509157103542565
78.5,-150.5,0.6575522190896308
78.5,-150.0,0.6495997668534857
78.5,-149.5,0.6318213768449369
78.5,-149.0,0.6795581898721446
78.5,-148.5,0.5129566870175304
78.5,-148.0,0.6332161114467384
78.5,-147.5,0.5851184857545999
78.5,-147.0,0.6307004421712562
78.5,-146.5,0.6229723076233022
78.5,-146.0,0.6145467478421741
78.5,-145.5,0.6286835093645973
78.5,-145.0,0.6251026384576122
78.5,-144.5,0.6307669119640975
78.5,-144.0,0.6225155907578099
78.5,-143.5,0.6447034384338898
78.5,-143.0,0.5426290576690123
78.5,-142.5,0.615772386193878
78.5,-142.0,0.6164859303074203
78.5,-141.5,0.5653818190653743
78.5,-141.0,0.5348475962835253
78.5,-140.5,0.5360307017372244
78.5,-140.0,0.5072479581843443
78.5,-139.5,0.5189020724848099
78.5,-139.0,0.5639065548841051
78.5,-138.5,0.5948124972659755
78.5,-138.0,0.5955559620162129
78.5,-137.5,0.567426712369486
78.5,-137.0,0.5762466936653281
78.5,-136.5,0.49275533755326134
78.5,-136.0,0.49069340516931964
78.5,-135.5,0.45854537407345475
78.5,-135.0,0.46034116916200196
78.5,-134.5,0.4352938146126412
78.5,-134.0,0.5107636209417641
78.5,-133.5,0.5209083044647052
78.5,-133.0,0.4769446285462579
78.5,-132.5,0.47556735138206896
78.5,-132.0,0.5478987978518938
78.5,-131.5,0.5439119821050534
78.5,-131.0,0.5085861763505839
78.5,-130.5,0.5236629791571208
78.5,-130.0,0.5176842289186184
78.5,-129.5,0.5471515113238494
78.5,-129.0,0.4702453426540767
78.5,-128.5,0.5249204875716378
78.5,-128.0,0.4966043352587762
78.5,-127.5,0.5830905081404003
78.5,-127.0,0.5417190311108676
78.5,-126.5,0.5424388637639693
78.5,-126.0,0.5404405976241804
78.5,-125.5,0.5267791748154179
78.5,-125.0,0.5267331208071154
78.75,-155.0,0.6419846159077213
78.75,-154.5,0.6509269516671427
78.75,-154.0,0.6490424018941664
78.75,-153.5,0.6411883189790356
78.75,-153.0,0.6446261460799073
78.75,-152.5,0.6454545519849153
78.75,-152.0,0.6464656866170069
78.75,-151.5,0.6245640022316673
78.75,-151.0,0.5529708966109079
78.75,-150.5,0.6262586235454197
78.75,-150.0,0.6222386044290155
78.75,-149.5,0.6322629753969338
78.75,-149.0,0.6278631101540703
78.75,-148.5,0.6206779467186684
78.75,-148.0,0.6341171092726875
78.75,-147.5,0.6323972404502644
78.75,-147.0,0.5778444726923071
78.75,-146.5,0.6233913506335444
78.75,-146.0,0.5921384206644908
78.75,-145.5,0.5591464824210204
78.75,-145.0,0.6317867875167986
78.75,-144.5,0.5893926118569035
78.75,-144.0,0.6145545892759788
78.75,-143.5,0.6067985743954503
78.75,-143.0,0.524449154294105
78.75,-142.5,0.6098425337966913
78.75,-142.0,0.5967240459439447
78.75,-141.5,0.606269692381204
78.75,-141.0,0.5178806209104558
78.75,-140.5,0.5510969371910319
78.75,-140.0,0.5291480354498987
78.75,-139.5,0.5331373575600478
78.75,-139.0,0.5857259745156592
78.75,-138.5,0.5317058264516681
78.75,-138.0,0.4303257893942174
78.75,-137.5,0.5023860166346862
78.75,-137.0,0.4804460637051439
78.75,-136.5,0.47083008267627324
78.75,-136.0,0.4400022663301667
78.75,-135.5,0.4750499958412441
78.75,-135.0,0.5361588956833949
78.75,-134.5,0.6421845737567046
78.75,-134.0,-0.24420916810197635
78.75,-133.5,-0.1121550611228514
78.75,-133.0,-0.3733698832333916
78.75,-132.5,0.6272948715831685
78.75,-132.0,0.6122023809842253
78.75,-131.5,0.6317534992773933
78.75,-131.0,0.6096491878537635
78.75,-130.5,0.5872645352649815
78.75,-130.0,0.6087377881143117
78.75,-129.5,0.6113962702205007
78.75,-129.0,0.5268421250713342
78.75,-128.5,0.5962681078387652
78.75,-128.0,0.5407045228144164
78.75,-127.5,0.5358648261457956
78.75,-127.0,0.537052996106519
78.75,-126.5,0.524838871501249
78.75,-126.0,0.5308470975393758
78.75,-125.5,0.5482243636916149
78.75,-125.0,0.5298695922878538
79.0,-155.0,0.6402100716188099
79.0,-154.5,0.6403617448775608
79.0,-154.0,0.6313802668470988
79.0,-153.5,0.6418766061322297
79.0,-153.0,0.6434765651240795
79.0,-152.5,0.6225756338108128
79.0,-152.0,0.6304591806389934
79.0,-151.5,0.6337348678534958
79.0,-151.0,0.6303053796276501
79.0,-150.5,0.6395874727095576
79.0,-150.0,0.5524948043970109
79.0,-149.5,0.6189852751766667
79.0,-149.0,0.6238241990512683
79.0,-148.5,0.6266196905470419
79.0,-148.0,0.6196597156606999
79.0,-147.5,0.5707770284445342
79.0,-147.0,0.6389560974672033
79.0,-146.5,0.6255004345181268
79.0,-146.0,0.5034110067507941
79.0,-145.5,0.6092421250408854
79.0,-145.0,0.5994040066411704
79.0,-144.5,0.598229022964029
79.0,-144.0,0.5941937689484287
79.0,-143.5,0.591525153921128
79.0,-143.0,0.5863116442929498
79.0,-142.5,0.5950743212453843
79.0,-142.0,0.5678798275557563
79.0,-141.5,0.556333401094268
79.0,-141.0,0.5176110160119014
79.0,-140.5,0.5232084281409018
79.0,-140.0,0.47651326449159587
79.0,-139.5,0.44752790317284846
79.0,-139.0,0.473301742648822
79.0,-138.5,0.4600424501904359
79.0,-138.0,0.4799668247973309
79.0,-137.5,0.4538846047147168
79.0,-137.0,0.5598503797621367
79.0,-136.5,0.46396056672539415
79.0,-136.0,0.45954031694168956
79.0,-135.5,0.42810577480185696
79.0,-135.0,0.5219409954320452
79.0,-134.5,0.5449199565853174
79.0,-134.0,0.5330596085793218
79.0,-133.5,0.5223560241302043
79.0,-133.0,0.5013013368209617
79.0,-132.5,0.5742539246110885
79.0,-132.0,0.6033800630445029
79.0,-131.5,0.5899646470053916
79.0,-131.0,0.5862779174512059
79.0,-130.5,0.5702734210750185
79.0,-130.0,0.5864187425330942
79.0,-129.5,0.5770974421696877
79.0,-129.0,0.5797993541010475
79.0,-128.5,0.5895683595739885
79.0,-128.0,0.5274192380017703
79.0,-127.5,0.5389746579077916
79.0,-127.0,0.5188897194348291
79.0,-126.5,0.5190397208600781
79.0,-126.0,0.5269791114863834
79.0,-125.5,0.5170332970733087
79.0,-125.0,0.5215089426012142
79.25,-155.0,0.6247317092923697
79.25,-154.5,0.6302485262880936
79.25,-154.0,0.6215050336272018
79.25,-153.5,0.6394777517267171
79.25,-153.0,0.6067004906871459
79.25,-152.5,0.6374044614116198
79.25,-152.0,0.6281884752286886
79.25,-151.5,0.6262368951691849
79.25,-151.0,0.6253716665859915
79.25,-150.5,0.622216717672552
79.25,-150.0,0.6150063648324817
79.25,-149.5,0.591737482284042
79.25,-149.0,0.5707823994783904
79.25,-148.5,0.6090144564031452
79.25,-148.0,0.5611117923911205
79.25,-147.5,0.5989636360605217
79.25,-147.0,0.6120930893272453
79.25,-146.5,0.6184282335077493
79.25,-146.0,0.6080917915159705
79.25,-145.5,0.592553612828426
79.25,-145.0,0.5510272310875233
79.25,-144.5,0.5313723663146728
79.25,-144.0,0.5214479621107886
79.25,-143.5,0.5247761302544496
79.25,-143.0,0.5269024546534902
79.25,-142.5,0.514944249610946
79.25,-142.0,0.5001147712421281
79.25,-141.5,0.5038146850609326
79.25,-141.0,0.4849921678963136
79.25,-140.5,0.4783712219069921
79.25,-140.0,0.45418435595717294
79.25,-139.5,0.471770140519036
79.25,-139.0,0.5006716679151348
79.25,-138.5,0.4657416004557321
79.25,-138.0,0.48355675185388
79.25,-137.5,0.4876081660934349
79.25,-137.0,0.4520862481208562
79.25,-136.5,0.4404447092032964
79.25,-136.0,0.460533420897329
79.25,-135.5,0.4774399203278633
79.25,-135.0,0.5106400594110628
79.25,-134.5,0.5308494519248147
79.25,-134.0,0.5772730545044744
79.25,-133.5,0.5549031004947671
79.25,-133.0,0.5220829224950312
79.25,-132.5,0.5320666125506612
79.25,-132.0,0.5433887999495576
79.25,-131.5,0.5173560272308473
79.25,-131.0,0.5337221846608424
79.25,-130.5,0.5223812643014679
79.25,-130.0,0.5804496916699675
79.25,-129.5,0.5740266656823068
79.25,-129.0,0.5758866864392517
79.25,-128.5,0.5283658626105087
79.25,-128.0,0.5319619392908504
79.25,-127.5,0.510616490467263
79.25,-127.0,0.526607948251259
79.25,-126.5,0.5173962221679422
79.25,-126.0,0.5197139763652562
79.25,-125.5,0.5155527559480113
79.25,-125.0,0.513906626318576
79.5,-155.0,0.5676179847441636
79.5,-154.5,0.5999112175361796
79.5,-154.0,0.5627126546648966
79.5,-153.5,0.6138958067355473
79.5,-153.0,0.603703814876308
79.5,-152.5,0.6134011925941454
79.5,-152.0,0.6356962164410611
79.5,-151.5,0.5790685788648837
79.5,-151.0,0.6214666829628342
79.5,-150.5,0.6176812158479467
79.5,-150.0,0.5856692648436229
79.5,-149.5,0.5840391149680936
79.5,-149.0,0.602346356842179
79.5,-148.5,0.6140697155104514
79.5,-148.0,0.6141827098329874
79.5,-147.5,0.6161810540971216
79.5,-147.0,0.6117654986744201
79.5,-146.5,0.5845496560888382
79.5,-146.0,0.5856315760034347
79.5,-145.5,0.5343691142800611
79.5,-145.0,0.5174212640111352
79.5,-144.5,0.545331556119716
79.5,-144.0,0.5173096626846324
79.5,-143.5,0.5050030366108406
79.5,-143.0,0.4927845741431748
79.5,-142.5,0.4886075348558383
79.5,-142.0,0.471341426135424
79.5,-141.5,0.4609799786445291
79.5,-141.0,0.4681738084022863
79.5,-140.5,0.45042139797903186
79.5,-140.0,0.45407872907409136
79.5,-139.5,0.46241384915125094
79.5,-139.0,0.449910783305355
79.5,-138.5,0.46455923640013963
79.5,-138.0,0.4618898653319778
79.5,-137.5,0.4224134896622481
79.5,-137.0,0.4665766087725719
79.5,-136.5,0.4828568643323973
79.5,-136.0,0.4926722593983516
79.5,-135.5,0.5373303005540744
79.5,-135.0,0.46221589984933936
79.5,-134.5,0.5529709154457122
79.5,-134.0,0.5671407319846536
79.5,-133.5,0.5537210537262451
79.5,-133.0,0.5392736101917956
79.5,-132.5,0.5523607856828454
79.5,-132.0,0.5374216862832863
79.5,-131.5,0.5402455383140471
79.5,-131.0,0.522575813701815
79.5,-130.5,0.5500366948656132
79.5,-130.0,0.5212227356968044
79.5,-129.5,0.5550493418480553
79.5,-129.0,0.5439104435690804
79.5,-128.5,0.5366196329998116
79.5,-128.0,0.5277774802142551
79.5,-127.5,0.5258286344122592
79.5,-127.0,0.5301121476400686
79.5,-126.5,0.5251507444524726
79.5,-126.0,0.5196005408768534
79.5,-125.5,0.51762865074581
79.5,-125.0,0.517310488162165
79.75,-155.0,0.5873024918929202
79.75,-154.5,0.5806922372852241
79.75,-154.0,0.5786382133267668
79.75,-153.5,0.5743650921668351
79.75,-153.0,0.5848444698188965
79.75,-152.5,0.6022433301434864
79.75,-152.0,0.603403753128708
79.75,-151.5,0.6119364337204956
79.75,-151.0,0.6031741271683916
79.75,-150.5,0.6040362530640592
79.75,-150.0,0.6105010483224418
79.75,-149.5,0.5475041567857872
79.75,-149.0,0.4953125038923277
79.75,-148.5,0.5028735827853444
79.75,-148.0,0.5112678393931539
79.75,-147.5,0.5412612043079441
79.75,-147.0,-0.2752395023111942
79.75,-146.5,0.5426105950043655
79.75,-146.0,0.4428564961240061
79.75,-145.5,0.416674238206183
79.75,-145.0,0.41440704834091147
79.75,-144.5,0.48380610916983374
79.75,-144.0,0.41621258120193544
79.75,-143.5,0.4475723192203236
79.75,-143.0,0.4366330884953042
79.75,-142.5,0.43082275998568625
79.75,-142.0,0.44717792844928206
79.75,-141.5,0.4564779577287751
79.75,-141.0,0.4638469948890256
79.75,-140.5,0.4592451666611197
79.75,-140.0,0.42128535666325606
79.75,-139.5,0.45488884065542606
79.75,-139.0,0.44060623466967624
79.75,-138.5,0.548177414612105
79.75,-138.0,0.5376329351443064
79.75,-137.5,0.43837384262545764
79.75,-137.0,0.4711476721154149
79.75,-136.5,0.4456841243280509
79.75,-136.0,0.5308901739454501
79.75,-135.5,0.4449858728995041
79.75,-135.0,0.5293089970210901
79.75,-134.5,0.54557782862102
79.75,-134.0,0.5713947676568599
79.75,-133.5,0.5477738276735269
79.75,-133.0,0.5260073180675839
79.75,-132.5,0.5438677256197761
79.75,-132.0,0.5640167669065309
79.75,-131.5,0.5267215653162325
79.75,-131.0,0.5584050183506148
79.75,-130.5,0.5467661469258455
79.75,-130.0,0.5503635869656651
79.75,-129.5,0.5250634496784072
79.75,-129.0,0.5412136041297047
79.75,-128.5,0.5434338655580778
79.75,-128.0,0.523300773462863
79.75,-127.5,0.5171770136417065
79.75,-127.0,0.5206430671418293
79.75,-126.5,0.5259928507235848
79.75,-126.0,0.5188000818782317
79.75,-125.5,0.5160418245676011
79.75,-125.0,0.5172813275732537
80.0,-155.0,0.5173100484836274
80.0,-154.5,0.5703442673889604
80.0,-154.0,0.5738431010404754
80.0,-153.5,0.5762766038757045
80.0,-153.0,0.5864495556397371
80.0,-152.5,0.5629379535583786
80.0,-152.0,0.5705385925672
80.0,-151.5,0.5854683838180026
80.0,-151.0,0.579007650542834
80.0,-150.5,0.5063559262814037
80.0,-150.0,0.493406408591396
80.0,-149.5,0.5433075925394352
80.0,-149.0,0.44690843031267175
80.0,-148.5,0.4686311955940119
80.0,-148.0,0.4278487910196065
80.0,-147.5,0.44577075969218083
80.0,-147.0,0.47813793715301084
80.0,-146.5,0.4325056062785973
80.0,-146.0,0.5003145405076126
80.0,-145.5,0.4525350180557683
80.0,-145.0,0.417779392180309
80.0,-144.5,0.47799552971680015
80.0,-144.0,0.4509171344796836
80.0,-143.5,0.46017963836595216
80.0,-143.0,0.5340148129219304
80.0,-142.5,0.5270154008406401
80.0,-142.0,0.5109463884088503
80.0,-141.5,0.5429187582388812
80.0,-141.0,0.5207660819891732
80.0,-140.5,0.4615587245980615
80.0,-140.0,0.5278937373328907
80.0,-139.5,0.4242403617235618
80.0,-139.0,0.5257671537723534
80.0,-138.5,0.47790209676979156
80.0,-138.0,0.5065355453595839
80.0,-137.5,0.4625381995910428
80.0,-137.0,0.4978149448360819
80.0,-136.5,0.4939801932760539
80.0,-136.0,0.48225920871627387
80.0,-135.5,0.46173677334279783
80.0,-135.0,0.46197630154583236
80.0,-134.5,0.4093000117885914
80.0,-134.0,0.5340009317833873
80.0,-133.5,0.5310750261633345
80.0,-133.0,0.5358486470597024
80.0,-132.5,0.4972147629063941
80.0,-132.0,0.550775900324309
80.0,-131.5,0.5454868480364548
80.0,-131.0,0.5475098054520399
80.0,-130.5,0.5490968471649682
80.0,-130.0,0.5568338463808824
80.0,-129.5,0.5494668191800346
80.0,-129.0,0.5352840432895526
80.0,-128.5,0.5389819702693455
80.0,-128.0,0.5436409601044399
80.0,-127.5,0.54150833682648
80.0,-127.0,0.5302325125887279
80.0,-126.5,0.5234090918882641
80.0,-126.0,0.5176556598877944
80.0,-125.5,0.520292636801031
80.0,-125.0,0.5225885029064709
